,GEM plant ID,Plant name (English),Plant name (other language),Other plant names (English),Other plant names (other language),Owner,Owner (other language),Owner GEM entity ID,Owner PermID,SOE status,Parent (English),Parent GEM entity ID,Parent PermID,Location address,Location address (other language),Municipality,Subnational unit,Country/area,Region,Coordinates,Coordinate accuracy,GEM wiki page,Plant age,Announced date,Construction date,Start date,Pre-retirement announcement date,Idled date,Retired date,Ferronickel capacity (ttpa),Sinter plant capacity (ttpa),Coking plant capacity (ttpa),Pelletizing plant capacity (ttpa),Category steel product,Steel products,Steel sector end users,Workforce size,ISO 14001,ISO 50001,ResponsibleSteel certification,Main production equipment,Power source,Iron ore source,Met coal source,latitude,longitude,Plant age (years),total_capacity,Lat,Lon,geometry
14,P100000120757,African Natural Resources and Mines Kaduna steel plant,,"African Industries Group, ANRML Kaduna Steel Plant",,African Natural Resources & Mines Ltd,,E100000131098,unknown,,African Industries Ltd,E100000131145,5082505395,"Gujeni village, Kagarko, Kaduna, Nigeria",,Kagarko,Kaduna State,Nigeria,Africa,"9.4627150, 7.3680000",exact,https://www.gem.wiki/African_Natural_Resources_and_Mines_Kaduna_steel_plant,1.45,2012,unknown,2024-09-07 00:00:00,unknown,unknown,unknown,,,,5400.0,"semi-finished, finished rolled","rebar, sections, plate, rod, mesh, pipe, billet, wire",unknown,3500,unknown,unknown,no,DRI; Steel other/unspecified,36 mw captive power plant,ANRML iron ore mine on-site (P100000129459),unknown,9.462715,7.368,1.45,5400.0,9.4627150,7.3680000,POINT (7.368 9.462715)
22,P100000120756,Ajaokuta Steel plant,,,,Ajaokuta Steel Co Ltd,,E100000002408,5040059767,Full,Ajaokuta Steel Co Ltd [100.0%],E100000002408 [100.0%],5040059767 [100.0%],"Ajaokuta Steel Company Ltd, 263106, Ajaokuta, Nigeria",,Ajaokuta,Kogi State,Nigeria,Africa,"7.5113360, 6.6893640",exact,https://www.gem.wiki/Ajaokuta_Steel_plant,unknown,unknown,1979,unknown,unknown,1994,unknown,,2610.0,880.0,,"semi-finished, finished rolled","rebar, sections, square, rod, billet, channel, angle, beam",unknown,10000,no,no,no,BF; BOF,Captive Power Plant (110 mw),Itakpe Iron Ore Mine,unknown,7.511336,6.689364,,3490.0,7.5113360,6.6893640,POINT (6.689364 7.511336)
23,P100000121166,Aktobe Generatsiya steel plant,Cталеплавильный завод ТОО «Актобе Генерация»,Aktobe Generatsia steel plant,,Aktobe Generatsiya LLC,"""АКТОБЕ ГЕНЕРАЦИЯ"" ЖШС",E100001012067,unknown,,Aktobe Generatsiya LLC [100.0%],E100001012067 [100.0%],unknown [100.0%],"Aktobe, Kazakhstan",,Aktobe,Aktobe,Kazakhstan,Eurasia,"50.3551170, 57.1451190",approximate,https://www.gem.wiki/Aktobe_Generatsiya_steel_plant,0.05,2022,unknown,unknown,unknown,unknown,unknown,,1300.0,,,"crude, semi-finished","bloom, billet",unknown,2600,unknown,unknown,no,BF; BOF,Captive combined gas-fired power plant,unknown,unknown,50.355117,57.145119,0.05,1300.0,50.3551170,57.1451190,POINT (57.145119 50.355117)
25,P100000120835,Al Ittefaq Arab Steel Dammam plant,حديد الإتفاق,"ISPC, Arab Steel, ASCO",الشركة العريبة للحديد,Arab Steel Co,,E100000131037,5050911102,,Hilal Al-Tuwairqi [60.0%]; unknown [40.0%],E100001016122 [60.0%]; E100000132388 [40.0%],unknown [60.0%]; unknown [40.0%],"Dammam, 31472, Saudi Arabia",,Dammam,Eastern Province,Saudi Arabia,Middle East,"26.2779170, 49.9491770",exact,https://www.gem.wiki/Al_Ittefaq_Arab_Steel_Dammam_plant,37,unknown,unknown,1989,unknown,unknown,unknown,,,,2500.0,"semi-finished, finished rolled","cold rolled, wire, mesh",unknown,350,2023-01-09 00:00:00,2024-04-04 00:00:00,no,DRI; EAF,unknown,unknown,unknown,26.277917,49.949177,37.0,2500.0,26.2779170,49.9491770,POINT (49.949177 26.277917)
29,P100000120905,Alchevsk Metallurgical Plant,Алчевский металлургический комбинат,"AMK, Alchevsk Iron & Steel plant","Алчевський металургійний комбінат, Алчевський МК (Ukranian), Алчевский МК",Alchevsk Metallurgical Plant PJSC,"ПАТ ""АЛЧЕВСЬКИЙ МЕТАЛУРГІЙНИЙ КОМБІНАТ""",E100001012119,5000049750,,Southern Mining and Metallurgical Complex LLC,E100000130963,5001424076,"Schmidt St. 4, Alchevsk, Luhansk oblast, Ukraine, 94200","Шмидта ул. 4, Alchevs'k, Луганская, Ukraine, 94200",Alchevsk,Luhansk,Ukraine,Europe,"48.4781110, 38.7707870",exact,https://www.gem.wiki/Alchevsk_Metallurgical_Plant,130,unknown,unknown,1896,unknown,unknown,unknown,,5400.0,989.0,,"semi-finished, finished rolled","shapes, slab, billet, channel, beam","building and infrastructure, energy, tools and machinery, transport",10000,unknown,unknown,no,BF; BOF,unknown,unknown,unknown,48.478111,38.770787,130.0,6389.0,48.4781110,38.7707870,POINT (38.770787 48.478111)
34,P100000120750,Alliance Steel Kuantan plant,,"ASSB plant, MCKIP plant, Kawasan Industri Malaysia-China Kuantan plant",,Alliance Steel (M) Sdn Bhd,,E100000131062,5071171452,Partial,Guangxi Beibu Gulf International Port Group Co Ltd [50.0%]; Guangxi Shenglong Metallurgical Co Ltd [50.0%],E100000127970 [50.0%]; E100000123226 [50.0%],5000910985 [50.0%]; 5000577864 [50.0%],"Kawasan Industri Malaysia-China Kuantan (MCKIP), Jalan Gebeng By Pass, 26080 Kuantan, Pahang Darul Makmur, Malaysia",,Kuantan,Pahang,Malaysia,Asia Pacific,"4.0075950, 103.3444580",exact,https://www.gem.wiki/Alliance_Steel_Kuantan_plant,9,2013-02-01 00:00:00,2014-12-01 00:00:00,2017,unknown,unknown,unknown,,,1100.0,720.0,finished rolled,"wire rod, h-beam, bar",building and infrastructure,3500,unknown,unknown,no,BF; BOF; Iron other/unspecified; Steel other/unspecified,unknown,Imported from Brazil and Australia,unknown,4.007595,103.344458,9.0,1820.0,4.0075950,103.3444580,POINT (103.344458 4.007595)
37,P100000120724,Altos Hornos De Mexico SA (AHMSA) steel plant,Siderúrgica Altos Hornos De Mexico S.A. (AHMSA),AHMSA steel plant,,Altos Hornos de Mexico SAB de CV,,E100001010310,4295884289,,Grupo Acerero del Norte SA de CV [64.0%]; small shareholder(s) [36.0%],E100000131250 [64.0%]; E100001015587 [36.0%],4296535922 [64.0%]; unknown [36.0%],"Prolongación Juárez S/N Col. La Loma, CP. 25770 Monclova, Coahuila, Mexico",,Monclova,Coahuila,Mexico,North America,"26.8768890, -101.4166120",exact,https://www.gem.wiki/Altos_Hornos_De_Mexico_SA_(AHMSA)_steel_plant,82,unknown,unknown,1944,unknown,2022-12-01 00:00:00,unknown,,2263.0,821.0,4200.0,"semi-finished, finished rolled","sheet, profile, plate","building and infrastructure, steel packaging, tools and machinery",7366,unknown,unknown,no,BF; BOF; EAF,40 MW onsite gas-fired power plant (generates more than 50% of steel plant's electricity),MINOSA & CEMESA Mexican iron mining subsidiaries,MICARE & MIMOSA Mexican coal-mining subsidiaries,26.876889,-101.416612,82.0,7284.0,26.8768890,-101.4166120,POINT (-101.416612 26.876889)
42,P100000120163,Angang Group Xinyang Iron and Steel Co Ltd,安钢集团信阳钢铁有限责任公司,,,"Xinyang Iron & Steel Co.,ltd of Angang Group",安钢集团信阳钢铁有限责任公司,E100000127277,unknown,Partial,natural person(s) [65.2%]; Henan PROVINCE HENGCHANG Trading Co Ltd [15.8%]; unknown [10.4%]; Henan State Owned Capital Operation Group Co Ltd [8.6%],E100000123261 [65.2%]; E100000127609 [15.8%]; E100000132388 [10.4%]; E100000125158 [8.6%],unknown [65.2%]; unknown [15.8%]; unknown [10.4%]; unknown [8.6%],No. 34 Xinmin Road,河南省信阳市平桥区明港镇新民路34号,Minggang,Henan,China,Asia Pacific,"32.4887040, 114.0382430",exact,https://www.gem.wiki/Angang_Group_Xinyang_Iron_and_Steel_Co_Ltd,55,unknown,unknown,1971,unknown,unknown,unknown,,,600.0,,finished rolled,"rebar, strip, billet, rounds, slab",unknown,3711,2022-11-01 00:00:00,2024-11-11 00:00:00,no,BF; BOF,unknown,unknown,unknown,32.488704,114.038243,55.0,600.0,32.4887040,114.0382430,POINT (114.038243 32.488704)
46,P100000120070,Anhui Changjiang Steel Co Ltd,龙山桥钢铁总厂,Longshanqiao Iron and Steel Plant (predecessor),安徽长江钢铁股份有限公司,Anhui Changjiang Steel Co Ltd,安徽长江钢铁股份有限公司,E100000123155,unknown,,Maanshan Iron & Steel Co Ltd [55.0%]; natural person(s) [37.2%]; unknown [7.8%],E100000123737 [55.0%]; E100000123261 [37.2%]; E100000132388 [7.8%],4295864332 [55.0%]; unknown [37.2%]; unknown [7.8%],Longshanqiao Industrial Park,马鞍山市当涂县龙山桥工业园,unknown,Anhui,China,Asia Pacific,"31.5022720, 118.4651620",exact,https://www.gem.wiki/Anhui_Changjiang_Steel_Co_Ltd,23,unknown,unknown,2003,unknown,unknown,unknown,,1375.0,,,finished rolled,"rebar, wire","building and infrastructure, transport",3705,2023-02-23 00:00:00,2024-12-27 00:00:00,no,BF; BOF; EAF,3.5 MW Rooftop Distributed Photovoltaic Power Generation,unknown,unknown,31.502272,118.465162,23.0,1375.0,31.5022720,118.4651620,POINT (118.465162 31.502272)
52,P100000120313,Anhui Shoukuang Dachang Metal Material Co Ltd,安徽首矿大昌金属材料有限公司,"Lu'an Iron and Steel Holding Group Special Steel Co., Ltd.",六安钢铁控股集团旗下安徽首矿大昌金属材料有限公司,Anhui Shoukuang Dachang Metal Material Co Ltd,安徽首矿大昌金属材料有限公司,E100000126761,unknown,,CSCEC Rongdong Investment Holding Co Ltd [89.0%]; Fang TongZhou Holding Co Ltd [7.9%]; unknown [3.1%],E100000128793 [89.0%]; E100000128301 [7.9%]; E100000132388 [3.1%],unknown [89.0%]; unknown [7.9%]; unknown [3.1%],"Economic Development Zone, Huoqiu Couty, Liuan City, Anhui Province",六安市霍邱县经济开发区,liuan,Anhui,China,Asia Pacific,"32.3291710, 115.9549630",exact,https://www.gem.wiki/Anhui_Shoukuang_Dachang_Metal_Material_Co_Ltd,16,unknown,unknown,2010,unknown,unknown,unknown,,,1200.0,,finished rolled,"bar, coil, wire, hot rolled","automotive, tools and machinery",3955,2024-12-12 00:00:00,2023-12-29 00:00:00,no,BF; BOF,Ultra-high Temperature Subcritical Coal Gas Power Generation Unit,Huoqiu Iron Mine,unknown,32.329171,115.954963,16.0,1200.0,32.3291710,115.9549630,POINT (115.954963 32.329171)
55,P100000120231,Anshan Baode Iron and Steel Co Ltd,鞍山宝得钢铁有限公司,,,Anshan Baode Iron & Steel Co Ltd,鞍山宝得钢铁有限公司,E100000126417,unknown,,Anshan Baode Iron & Steel Co Ltd [100.0%],E100000126417 [100.0%],unknown [100.0%],Chengang Street,辽宁省鞍山市千山区鞍腾路1号,unknown,Liaoning,China,Asia Pacific,"41.1736130, 122.9455010",exact,https://www.gem.wiki/Anshan_Baode_Iron_and_Steel_Co_Ltd,26.73,unknown,unknown,1999-05-28 00:00:00,unknown,unknown,unknown,,2395.0,,,finished rolled,"i-beam, angle, h-beam","automotive, building and infrastructure, tools and machinery",2235,2025-05-15 00:00:00,2022-04-06 00:00:00,no,BF; BOF,A 45-megawatt surplus energy supercritical temperature and supercritical pressure power station,unknown,unknown,41.173613,122.945501,26.73,2395.0,41.1736130,122.9455010,POINT (122.945501 41.173613)
70,P100000120426,ArcelorMittal Bremen steel plant,,"Klöckner Hütte Bremen (predecessor), Stahlwerke Bremen (predecessor), Norddeutsche Hütte (predecessor), Einheitliche Anlage Bremen",,ArcelorMittal Bremen GmbH,,E100001000494,5000040557,,ArcelorMittal SA [100.0%],E100000000687 [100.0%],5000030092 [100.0%],"Carl-Benz-Strasse 30, D-28237 Bremen, Germany",,Bremen,Bremen,Germany,Europe,"53.1333050, 8.6881930",exact,https://www.gem.wiki/ArcelorMittal_Bremen_steel_plant,69,unknown,unknown,1957,unknown,unknown,unknown,,2100.0,2000.0,,finished rolled,"cold rolled, coil, coated, hot rolled, galvanized","automotive, building and infrastructure, energy, steel packaging, tools and machinery, transport",3100,2024-08-25 00:00:00,2024-08-25 00:00:00,2027-07-18 00:00:00,BF; BOF; DRI; EAF,WindSeeG project,unknown,Prosper-Haniel Mine,53.133305,8.688193,69.0,4100.0,53.1333050,8.6881930,POINT (8.688193 53.133305)
76,P100000120472,ArcelorMittal Dunkerque steel plant,,"ArcelorMittal Dunkirk, ArcelorMittal Atlantique et Lorraine - Dunkerque",,ArcelorMittal Atlantique et Lorraine SAS,,E100001000487,4298163524,,ArcelorMittal Atlantique et Lorraine SAS [100.0%],E100001000487 [100.0%],4298163524 [100.0%],"ArcelorMittal Atlantique et Lorraine, site Dunkerque, rue du Comte Jean, Grande Synthe 2508, 59381 Dunkerque Cedex 1, France",,Dunkerque,Haus-de-France,France,Europe,"51.0412740, 2.2929480",exact,https://www.gem.wiki/ArcelorMittal_Dunkerque_steel_plant,63,unknown,unknown,1963,unknown,unknown,unknown,,9600.0,1380.0,,"semi-finished, finished rolled","slab, coil, hot rolled","automotive, steel packaging, tools and machinery",3200,2024-09-13 00:00:00,no,2028-05-10 00:00:00,BF; BOF; EAF; DRI,unknown,unknown,unknown,51.041274,2.292948,63.0,10980.0,51.0412740,2.2929480,POINT (2.292948 51.041274)
77,P100000120425,ArcelorMittal Eisenhüttenstadt steel plant,,"Eisenhuttenkombinat 'J.W. Stalin' (predecessor), Eisenhüttenkombinat Ost (EKO) (predecessor)",,ArcelorMittal Eisenhüttenstadt GmbH,,E100000002453,4298356410,,ArcelorMittal SA [100.0%],E100000000687 [100.0%],5000030092 [100.0%],"ArcelorMittal Eisenhüttenstadt GmbH, 15888 Eisenhüttenstadt, Germany",,Eisenhüttenstadt,Brandenburg,Germany,Europe,"52.1686490, 14.6234730",exact,https://www.gem.wiki/ArcelorMittal_Eisenhüttenstadt_steel_plant,76,unknown,unknown,1950,unknown,unknown,unknown,,2900.0,,,"semi-finished, finished rolled","galvanized, plate, coated, cold rolled, hot rolled, slab","automotive, building and infrastructure, energy, steel packaging, tools and machinery, transport",2700,2023-05-15 00:00:00,2023-05-15 00:00:00,2028-03-30 00:00:00,BF; BOF; DRI; EAF,WindSeeG project,unknown,unknown,52.168649,14.623473,76.0,2900.0,52.1686490,14.6234730,POINT (14.623473 52.168649)
79,P100000120475,ArcelorMittal Florange steel plant,,,,ArcelorMittal Atlantique et Lorraine SAS,,E100001000487,4298163524,,ArcelorMittal Atlantique et Lorraine SAS [100.0%],E100001000487 [100.0%],4298163524 [100.0%],"ArcelorMittal Atlantique et Lorraine, Florange site, 17, avenue des Tilleuls, 57190 Florange, France",,Florange,Grand Est,France,Europe,"49.3317220, 6.1431070",exact,https://www.gem.wiki/ArcelorMittal_Florange_steel_plant,112,unknown,unknown,1906,unknown,2013,2018,,4400.0,700.0,,"semi-finished, finished rolled","slab, coil, hot rolled",unknown,2300,unknown,yes,2028-05-10 00:00:00,BF; BOF,unknown,unknown,unknown,49.331722,6.143107,112.0,5100.0,49.3317220,6.1431070,POINT (6.143107 49.331722)
80,P100000120027,ArcelorMittal Gent steel plant,,ArcelorMittal Ghent,,ArcelorMittal SA,,E100000000687,5000030092,,ArcelorMittal SA [100.0%],E100000000687 [100.0%],5000030092 [100.0%],"John Kennedylaan 51, B-9042 Gent, Belgium",,Gent,Vlaanderen,Belgium,Europe,"51.1699290, 3.8044620",exact,https://www.gem.wiki/ArcelorMittal_Gent_steel_plant,60,unknown,unknown,1966,unknown,unknown,unknown,,6935.0,1200.0,,"semi-finished, finished rolled","pipe, billet, rail, slab","automotive, building and infrastructure, energy, steel packaging, tools and machinery, transport",1933,2023,2024,2027-07-18 00:00:00,BF; BOF; DRI; EAF,Committed to purchasing all electricity generated at the Storm wind farm being built on the site for the next 20 years .,unknown,unknown,51.169929,3.804462,60.0,8135.0,51.1699290,3.8044620,POINT (3.804462 51.169929)
84,P100000120906,ArcelorMittal Kryvyi Rih steel plant,АрселорМіттал Кривий Ріг (Ukranian),"ArcelorMittal Kryvyi Rig, Public Joint Stock Company, Kryvorizhstal, Kryvorizhstal, JSC Kryvyi Rih Mining and Metallurgical Integrated Works (predecessor)",АрселорМиттал Кривой Рог,ArcelorMittal Kryvyi Rih PJSC,АрселорМіттал Кривий Ріг,E100001000500,5000002280,,ArcelorMittal SA [95.1%]; small shareholder(s) [4.9%],E100000000687 [95.1%]; E100001015587 [4.9%],5000030092 [95.1%]; unknown [4.9%],"Kryvorizhstal St. (Ordzhonikidze), 1, Kryvyi Rih, Dnepropetrovsk region, Ukraine, 50095",,Kryvyi Rih,Dnipropetrovsk,Ukraine,Europe,"47.8744110, 33.3929930",exact,https://www.gem.wiki/ArcelorMittal_Kryvyi_Rih_steel_plant,92,unknown,unknown,1934,unknown,unknown,unknown,,1095.0,1250.0,,"semi-finished, finished rolled","shapes, wire rod, rebar, sections, coke, square, strip, bar, billet, rounds, sinter, angle","building and infrastructure, tools and machinery",22000,expired,expired,no,BF; BOF; Steel other/unspecified,Central power plant on site,"Has iron ore underground mining office, open-pit mining on site",unknown,47.874411,33.392993,92.0,2345.0,47.8744110,33.3929930,POINT (33.392993 47.874411)
85,P100000120725,ArcelorMittal Lázaro Cárdenas steel plant,Siderúrgica Lázaro Cárdenas,"Las Truchas, Sicartsa (predecessor)",,ArcelorMittal México SA de CV,,E100001000501,5000020014,,ArcelorMittal SA [100.0%],E100000000687 [100.0%],5000030092 [100.0%],"Av. Francisco J. Múgica No. 1, Col. Centro, CP 60950, Cd. Lázaro Cárdenas, Michoacán, Mexico",,Lázaro Cárdenas,Michoacán,Mexico,North America,"17.9306880, -102.2014980",exact,https://www.gem.wiki/ArcelorMittal_Lázaro_Cárdenas_steel_plant,49.29,unknown,unknown,1976-11-04 00:00:00,unknown,unknown,unknown,,,,1300.0,"semi-finished, finished rolled","slab, wire rod, rod, billet","automotive, building and infrastructure, energy, steel packaging, tools and machinery, transport",8000,yes,unknown,no,BF; BOF; DRI; EAF,unknown,ArcelorMittal Las Truchas is a mining site in Lázaro Cárdenas that produces 3000 thousand metric tons per annum,unknown,17.930688,-102.201498,49.29,1300.0,17.9306880,-102.2014980,POINT (-102.201498 17.930688)
87,P100000120473,ArcelorMittal Méditerranée Fos sur Mer steel plant,,"Sollac-Méditerranée, Société Lorraine de Laminage Continu, For-Sur Mer",,ArcelorMittal Méditerranée SAS,,E100000002454,4298162738,,ArcelorMittal SA [100.0%],E100000000687 [100.0%],5000030092 [100.0%],"ArcelorMittal Fos-sur-Mer, 13776 Fos-sur-Mer Cedex, France",,Fos-Sur-Mer,Provence-Alpes-Côte d'Azur,France,Europe,"43.4328300, 4.8871660",exact,https://www.gem.wiki/ArcelorMittal_Méditerranée_Fos_sur_Mer_steel_plant,52,unknown,unknown,1974,unknown,unknown,unknown,,6800.0,1650.0,,"semi-finished, finished rolled","slab, coil, hot rolled","automotive, building and infrastructure, energy, steel packaging, tools and machinery, transport",2500,yes,yes,2025-05-01 00:00:00,BOF; EAF; BF,unknown,unknown,unknown,43.43283,4.887166,52.0,8450.0,43.4328300,4.8871660,POINT (4.887166 43.43283)
88,P100000120035,ArcelorMittal Monlevade steel plant,"ArcelorMittal Aços Longos , Companhia Siderúrgica Belgo-Mineira (Portuguese, predecessor)","João Monlevade steel plant, Belgo steel plant (predecessor)",,ArcelorMittal Brasil SA,,E100001000493,4295859712,,ArcelorMittal SA [97.1%]; small shareholder(s) [2.9%],E100000000687 [97.1%]; E100001015587 [2.9%],5000030092 [97.1%]; unknown [2.9%],"Av. Getúlio Vargas, 100, Santa Bárbara, João Monlevade, Minas Gerais, 35930-150, Brazil",,João Monlevade,Minas Gerais,Brazil,Central & South America,"-19.8321290, -43.1301640",exact,https://www.gem.wiki/ArcelorMittal_Monlevade_steel_plant,89,unknown,unknown,1937,unknown,unknown,unknown,,1827.0,,,finished rolled,"cord, wire rod",automotive,975,2023-03-25 00:00:00,unknown,2025-12-19 00:00:00,BF; BOF; EAF,unknown,unknown,unknown,-19.832129,-43.130164,89.0,1827.0,-19.8321290,-43.1301640,POINT (-43.130164 -19.832129)
90,P100000121027,ArcelorMittal Newcastle Steel Works,,ArcelorMittal South Africa Long Steel Products,,ArcelorMittal South Africa Ltd,,E100001000504,4295888528,Partial,ArcelorMittal South Africa Ltd [100.0%],E100001000504 [100.0%],4295888528 [100.0%],"Iscor Road, Newcastle, Kwazulu Natal Province, South Africa",,Newcastle,Kwazulu Natal,South Africa,Africa,"-27.7053760, 30.0140630",exact,https://www.gem.wiki/ArcelorMittal_Newcastle_Steel_Works,54.84,unknown,unknown,1971,2025-01-07 00:00:00,unknown,2025-11-04 00:00:00,,2200.0,945.0,,"semi-finished, finished rolled","wire rod, rail, rebar, square, channel, billet, rounds, flat, angle, profile",unknown,1896,yes,unknown,no,EAF; BF; BOF,unknown,unknown,unknown,-27.705376,30.014063,54.84,3145.0,-27.7053760,30.0140630,POINT (30.014063 -27.705376)
93,P100000120513,ArcelorMittal Nippon Steel Hazira plant,,"Essar Steel (predecessor), ESIL (predecessor), AM/NS Essar Steel India Limited steel plant",,ArcelorMittal Nippon Steel India Ltd,,E100000002455,5082050876,,ArcelorMittal SA [60.0%]; Nippon Steel Corp [40.0%],E100000000687 [60.0%]; E100000000652 [40.0%],5000030092 [60.0%]; 4295877313 [40.0%],"27 KM, Surat-Hazira, Gujarat 394270 India",,Hazira,Gujarat,India,Asia Pacific,"21.1123770, 72.6473040",exact,https://www.gem.wiki/ArcelorMittal_Nippon_Steel_Hazira_plant,31,unknown,unknown,1995,unknown,unknown,unknown,,1480.0,1350.0,4000.0,"semi-finished, finished rolled","galvanized, plate, pipe, cold rolled, hot rolled","automotive, building and infrastructure, energy, steel packaging, tools and machinery, transport",7000,2024-11-25 00:00:00,2025-04-01 00:00:00,no,BF; DRI; EAF; Iron other/unspecified; Steel other/unspecified; BOF,"515 MW natural gas-fired combined cycle power plant (1997), 500 MW natural gas-fired combined cycle power plant (2005); working to install a 989MW renewable energy (solar/wind) plant",Captive iron ore mines at Thakurani and Sagasahi in Odisha,unknown,21.112377,72.647304,31.0,6830.0,21.1123770,72.6473040,POINT (72.647304 21.112377)
97,P100000120040,ArcelorMittal Pecém steel plant,CSP - Companhia Siderúrgica do Pecém,CSP Pecém steel plant (predecessor),,ArcelorMittal Brasil SA,,E100001000493,4295859712,,ArcelorMittal SA [97.1%]; small shareholder(s) [2.9%],E100000000687 [97.1%]; E100001015587 [2.9%],5000030092 [97.1%]; unknown [2.9%],"Rod CE 155, Km 11.5, Pecém, São Gonçalo do Amarante, CE 62674-000, Brazil",,São Gonçalo do Amarante,Ceará,Brazil,Central & South America,"-3.5859170, -38.8589320",exact,https://www.gem.wiki/ArcelorMittal_Pecém_steel_plant,10,unknown,unknown,2016,unknown,unknown,unknown,,4747.0,1130.0,,"semi-finished, finished rolled","slab, plate","automotive, building and infrastructure, energy, transport",2500,2023-10-25 00:00:00,unknown,no,BF; BOF,onsite 218MW gas-fired power plant,unknown,unknown,-3.585917,-38.858932,10.0,5877.0,-3.5859170,-38.8589320,POINT (-38.858932 -3.585917)
104,P100000120034,ArcelorMittal Tubarão steel plant,Usina Siderúrgica de Tubarão,CST (Companhia Siderúrgica de Tubarão),,ArcelorMittal Tubarão Comercial SA,,E100001000507,4295860088,,ArcelorMittal Tubarão Comercial SA [100.0%],E100001000507 [100.0%],4295860088 [100.0%],"Avenida Brigadeiro Eduardo Gomes, nº 526, Bairro Polo Industrial Tubarão, Serra, Espirito Santo, Brazil",,"Tubarão, Serra",Espírito Santo,Brazil,Central & South America,"-20.2534470, -40.2422980",exact,https://www.gem.wiki/ArcelorMittal_Tubarão_steel_plant,43,unknown,unknown,1983,unknown,unknown,unknown,,6500.0,3254.0,,"semi-finished, finished rolled","galvanized, slab, coil, cold rolled","automotive, building and infrastructure, energy, tools and machinery, transport",5000,2024-03-16 00:00:00,unknown,2028-06-07 00:00:00,BF; BOF,Generates approximate 115% of energy required for production from gases from production process,unknown,unknown,-20.253447,-40.242298,43.0,9754.0,-20.2534470,-40.2422980,POINT (-40.242298 -20.253447)
105,P100000121028,ArcelorMittal Vanderbijlpark Steel Works,,,,ArcelorMittal South Africa Ltd,,E100001000504,4295888528,Partial,ArcelorMittal South Africa Ltd [100.0%],E100001000504 [100.0%],4295888528 [100.0%],"Delfos Boulevard, Vanderbijlpark, Gauteng Province, South Africa",,Vanderbijlpark,Gauteng,South Africa,Africa,"-26.6573670, 27.8223100",exact,https://www.gem.wiki/ArcelorMittal_Vanderbijlpark_Steel_Works,72.38,unknown,1947,1953-10-04 00:00:00,2025-01-07 00:00:00,unknown,unknown,,3100.0,1420.0,,"semi-finished, finished rolled","tinplate, galvanized, plate, coated, cold rolled, hot rolled, slab",unknown,4500,2025-03-18 00:00:00,unknown,no,BF; BOF; DRI; EAF,200 megawatt embedded solar installation,Thabazimbi Iron Ore Mine (P100000128609),unknown,-26.657367,27.82231,72.38,4520.0,-26.6573670,27.8223100,POINT (27.82231 -26.657367)
110,P100000120568,Arjas Steel Tadipatri plant,,Gerdau Steel India (predecessor),,Arjas Steel Pvt Ltd,,E100000130841,4297665844,,ADV Partners Holdings Ltd,E100001016284,unknown,"Jambulapadu(v) Tadipatri Mandal, Ananthpur District Andhra Pradesh, Pincode - 515411, India",,Tadipatri,Andhra Pradesh,India,Asia Pacific,"14.8734710, 78.0484250",exact,https://www.gem.wiki/Arjas_Steel_Tadipatri_plant,13.3,unknown,unknown,2012-11-01 00:00:00,unknown,unknown,unknown,,450.0,200.0,,"semi-finished, finished rolled","square, rounds, profile, bar","automotive, building and infrastructure, energy, steel packaging, tools and machinery, transport",1800,expired,2024-01-10 00:00:00,no,BF; BOF,two captive power plants (15 MW COG-based WHR power plant + 6 MW Blast furnace gas based); 20.4 MW Solar plant,SMIORE,unknown,14.873471,78.048425,13.3,650.0,14.8734710,78.0484250,POINT (78.048425 14.873471)
118,P100000120564,Atibir Industries Bhorandiha steel plant,,Atibir Industries Unit-II,,Atibir Industries Co Ltd,,E100000131001,5039942952,,Sribir Group of Companies,E100001016293,unknown,"Bhorandiha, Udnabad, Giridih (Jharkhand), India",,Bhorandiha,Jharkhand,India,Asia Pacific,"24.1452390, 86.3349990",exact,https://www.gem.wiki/Atibir_Industries_Bhorandiha_steel_plant,17,2008,unknown,2009,unknown,unknown,unknown,,680.0,300.0,300.0,"crude, semi-finished, finished rolled","pig iron, rolled",unknown,unknown,unknown,unknown,no,BF; BOF,3 MW WHRB,unknown,unknown,24.145239,86.334999,17.0,1280.0,24.1452390,86.3349990,POINT (86.334999 24.145239)
125,P100000120606,Bafgh Mineral Complex Iron and Steel Yazd plant,مجتمع فولاد بافق,"B-MISCO, Bafq Steel, Bafq Steel Complex",,Bafgh Mineral Complex Iron & Steel Co,,E100000131106,unknown,,Bafgh Mineral Complex Iron & Steel Co [100.0%],E100000131106 [100.0%],unknown [100.0%],"MCXR+V27, Bafq, Yazd Province, Iran",,Bafgh,Yazd,Iran,Middle East,"31.6993070, 55.4401870",exact,https://www.gem.wiki/Bafgh_Mineral_Complex_Iron_and_Steel_Yazd_plant,5,unknown,unknown,2021,unknown,unknown,unknown,,,,5000.0,"crude, semi-finished, finished rolled","rebar, pellets, sections, billet, coil, DRI, wire rod",unknown,4904,2022,unknown,no,DRI; EAF,unknown,Central Iranian Iron Ore Mine/ICIOC Choghart Mine (P100000128554),,31.699307,55.440187,5.0,5000.0,31.6993070,55.4401870,POINT (55.440187 31.699307)
133,P100000120336,Baosteel Desheng Stainless Steel Co Ltd,宝钢德盛不锈钢有限公司,"Fujian Desheng Nickel Industry Co., Ltd.",福建德盛镍业有限公司,Baosteel Desheng Stainless Steel Co Ltd,宝钢德盛不锈钢有限公司,E100000127278,unknown,,China Baowu Steel Group Co Ltd [70.0%]; Fujian Wugang Group Co Ltd [30.0%],E100001000472 [70.0%]; E100000127616 [30.0%],5000039946 [70.0%]; unknown [30.0%],"Jingang Industrial Zone, Luoyuanwan Development Zone, Luoyuan County，Fuzhou City，Fujian Province",福建省福州市罗源县罗源湾开发区金港工业区,Fuzhou,Fujian,China,Asia Pacific,"26.4874700, 119.6544610",exact,https://www.gem.wiki/Baosteel_Desheng_Stainless_Steel_Co_Ltd,15,unknown,unknown,2011,unknown,unknown,unknown,,2960.0,,,finished rolled,unknown,unknown,2155,2025-07-31 00:00:00,2023-04-27 00:00:00,no,BF; BOF,27.54MW Photovoltaic Power Station,unknown,unknown,26.48747,119.654461,15.0,2960.0,26.4874700,119.6544610,POINT (119.654461 26.48747)
136,P100000120085,Baosteel Zhanjiang Iron and Steel Co Ltd,宝钢湛江钢铁有限公司,,,Baosteel Zhanjiang Iron & Steel Co Ltd,宝钢湛江钢铁有限公司,E100000121815,unknown,Partial,Baoshan Iron & Steel Co Ltd [90.0%]; Guangdong Hengjian Investment Holding Co Ltd [10.0%],E100000122571 [90.0%]; E100000000194 [10.0%],4295864974 [90.0%]; 5000609284 [10.0%],"No. 18 Dongdao Avenue, Dongjian Street, Zhanjiang Economic and Technological Development Zone, Zhanjiang City, Guangdong Province",湛江经济技术开发区东简街道办岛东大道18号,Zhanjiang,Guangdong,China,Asia Pacific,"21.0560350, 110.4865700",exact,https://www.gem.wiki/Baosteel_Zhanjiang_Iron_and_Steel_Co_Ltd,15,unknown,unknown,2011,unknown,unknown,unknown,,14488.0,4018.0,,finished rolled,"sheet, plate",unknown,4956,2024-01-16 00:00:00,2024-12-16 00:00:00,no,BF; BOF; DRI; EAF,Photovoltaic Power Generation,"Australia, Brazil",unknown,21.056035,110.48657,15.0,18506.0,21.0560350,110.4865700,POINT (110.48657 21.056035)
147,P100000121253,BER-PIG Iron and Steel Company Redcliff plant,,BPISC,,Berhard Development Corporation (Private) Ltd,,E100002003150,unknown,,Berhard Development Corporation (Private) Ltd [100.0%],E100002003150 [100.0%],unknown [100.0%],"Redcliff, Midlands, Zimbabwe",,Redcliff,Midlands,Zimbabwe,Africa,"-19.0551020, 29.7824240",approximate,https://www.gem.wiki/BER-PIG_Iron_and_Steel_Company_Redcliff_plant,1.55,2024,2024,2024-08-01 00:00:00,unknown,unknown,unknown,,1200.0,,,crude,pig iron,unknown,1000,unknown,unknown,no,BF,unknown,Buchwa Mining Company & Ziscosteel,unknown,-19.055102,29.782424,1.55,1200.0,-19.0551020,29.7824240,POINT (29.782424 -19.055102)
155,P100000120512,BMM Ispat Danapur steel plant,,BMMIL,,BMM Ispat Ltd,,E100001000460,5035158229,,JSW Projects Ltd [58.5%]; natural person(s) [41.5%],E100001011472 [58.5%]; E100000123261 [41.5%],5035158115 [58.5%]; unknown [41.5%],"#114, Danapur Village, Hospete Taluk, Ballari District, Danapura – 583222, Karnataka, India",,Danapura,Karnataka,India,Asia Pacific,"15.1697200, 76.3797100",exact,https://www.gem.wiki/BMM_Ispat_Danapur_steel_plant,20,unknown,unknown,2006,unknown,unknown,unknown,,2500.0,800.0,2400.0,semi-finished,"bar, rebar, flat",building and infrastructure,300,2024-03-14 00:00:00,unknown,no,BF; BOF; DRI; EAF; IF,"Danapuram BMM power station; captive power plants totaling 235 MW (Captive Power Plant 1 95 MW, Captive Power Plant 2 140 MW).","Ballari, Hosapete, Sandur regions of Karnataka","Mozambique, Australia, and Canada",15.16972,76.37971,20.0,5700.0,15.1697200,76.3797100,POINT (76.37971 15.16972)
162,P100000120592,Butia Iranian Steel Kerman plant,مجتمع فولاد بوتیای ایرانیان,"BISCO, Butia Iranian Steel Complex",شرکت فولاد بوتیای ایرانیان,Butia Iranian Steel Co,,E100000131107,unknown,,Mabna Khavar Miyaneh Co; Pars Aryan Investment Co; Pasargad Arzesh Afarinan Co; Rahbord Sarmaye Iranian Co; small shareholder(s); Tejarat Pishegan Mihan Negar Pars Co,E100002020859; E100001015720; E100001015719; E100002020860; E100001015587; E100002020861,unknown; 5086606640; 5039187251; unknown; unknown; unknown,"Chatroud, Kerman Province, Iran",,Chatroud,Kerman,Iran,Middle East,"30.4912000, 56.8214000",exact,https://www.gem.wiki/Butia_Iranian_Steel_Kerman_plant,15,unknown,unknown,2011,unknown,unknown,unknown,,,,2500.0,"semi-finished, finished rolled","ingot, rail, pipe, bloom, billet, blanks, beam",unknown,700,2021,yes,no,DRI; EAF,"450 MW combined cycle power plant (L100000407801), 400 mw solar power plant (under construction)",Kazem Abad dolomite mine,,30.4912,56.8214,15.0,2500.0,30.4912000,56.8214000,POINT (56.8214 30.4912)
166,P100000120125,Cangzhou China Railway Equipment Manufacture Material Co Ltd,沧州中铁装备制造材料有限公司,,,Cangzhou China Railway Equipment Manufacturing Materials Co Ltd,沧州中铁装备制造材料有限公司,E100000126465,unknown,,China Railway Materials Group Holdings Ltd [49.0%]; Shuangyao Investment Co Ltd [25.0%]; Hebei Xinhua United Metallurgical Holding Group Co Ltd [15.6%]; Sinogiant Steel HOLDINGS Group Ltd [9.4%]; unknown [1.0%],E100000130609 [49.0%]; E100000130610 [25.0%]; E100000128544 [15.6%]; E100000128537 [9.4%]; E100000132388 [1.0%],unknown [49.0%]; unknown [25.0%]; unknown [15.6%]; unknown [9.4%]; unknown [1.0%],"Industrial Zone, Huanghua Port Development Zone, Cangzhou City, Hebei Province",河北省黄骅港开发区工业区,Huanghua,Hebei,China,Asia Pacific,"38.2892210, 117.8143670",exact,https://www.gem.wiki/Cangzhou_China_Railway_Equipment_Manufacture_Material_Co_Ltd,20,unknown,unknown,2006,unknown,unknown,unknown,,5775.0,988.0,,finished rolled,"coil, hot rolled","tools and machinery, transport",10100,2025-07-29 00:00:00,2024-09-10 00:00:00,no,BF; BOF,Living Area 3MW Distributed Photovoltaic Power Generation Project,unknown,unknown,38.289221,117.814367,20.0,6763.0,38.2892210,117.8143670,POINT (117.814367 38.289221)
168,P100000120066,CAP Acero Huachipato steel plant,Planta siderúrgica Huachipato,,,Compania Siderurgica Huachipato SA,,E100000130911,5000030020,,CAP SA [100.0%],E100001000728 [100.0%],4295863321 [100.0%],"Av. Gran Bretaña 2910, Huachipato, Talcahuano, Chile",,Talcahuano,Concepción,Chile,Central & South America,"-36.7464210, -73.1291710",exact,https://www.gem.wiki/CAP_Acero_Huachipato_steel_plant,74.71,unknown,unknown,1950,unknown,2024-09-16 00:00:00,2024-09-16 00:00:00,,,500.0,,finished rolled,"rod, wire rod, rebar, special","automotive, building and infrastructure, tools and machinery",1193,2024-01-18 00:00:00,2024-07-15 00:00:00,no,BF; BOF,unknown,"El Romeral iron mine, other iron mines owned by CAP Minería",unknown,-36.746421,-73.129171,74.71,500.0,-36.7464210,-73.1291710,POINT (-73.129171 -36.746421)
181,P100000121225,Chadormalu Mining and Industrial Company Yazd steel plant,مجتمع فولاد چادرملو,Chadormalu Steel Plant Ardakan,شرکت معدنی و صنعتی چادرملو,Chadormalu Mining & Industrial Co,"رکت معدنی و صنعتی چادرملو‎,",E100001012537,5062273215,Partial,Chadormalu Mining & Industrial Co [100.0%],E100001012537 [100.0%],5062273215 [100.0%],"Ardakan, Yazd Province, Iran",,Ardakan,Yazd,Iran,Middle East,"32.3873280, 53.7477060",exact,https://www.gem.wiki/Chadormalu_Mining_and_Industrial_Company_Yazd_steel_plant,9,unknown,unknown,2017,unknown,unknown,unknown,,,,4000.0,semi-finished,"billet, pellets, sinter",unknown,unknown,unknown,unknown,no,DRI; EAF,unknown,Captive Chadormalu mines/CMIC Chadormalu Mine (P100000128563),,32.387328,53.747706,9.0,4000.0,32.3873280,53.7477060,POINT (53.747706 32.387328)
190,P100000120123,Chengde Jianlong Special Steel Co Ltd,承德建龙特殊钢有限公司,"Chengde Jianlong Iron and Steel Co., Ltd., Chengde Jianlong Iron and Steel Cement Co., Ltd.","承德建龙钢铁有限公司, 承德建龙钢铁水泥有限责任公司",Chengde Jianlong SPECIAL Steel Co Ltd,承德建龙特殊钢有限公司,E100000126323,unknown,,Beijing Jianlong Investment Co Ltd [90.2%]; unknown [9.8%],E100000000155 [90.2%]; E100000132388 [9.8%],unknown [90.2%]; unknown [9.8%],"Pinganbao Town, Xinglong County, Chengde City, Hebei Province",河北省承德市兴隆县平安堡镇／鹰手营子矿区北马圈子镇,Chengde,Hebei,China,Asia Pacific,"40.5150350, 117.5960710",exact,https://www.gem.wiki/Chengde_Jianlong_Special_Steel_Co_Ltd,25,unknown,unknown,2001,unknown,unknown,unknown,,1232.0,,573.0,finished rolled,pipe,"automotive, energy, tools and machinery, transport",3834,2022-07-19 00:00:00,2023-08-21 00:00:00,no,BF; BOF,unknown,unknown,unknown,40.515035,117.596071,25.0,1805.0,40.5150350,117.5960710,POINT (117.596071 40.515035)
192,P100000120153,Chengde Zhaofeng Steel Group Co Ltd,承德兆丰钢铁集团有限公司,,,Chengde Zhaofeng Steel Group Co Ltd,承德兆丰钢铁集团有限公司,E100000126962,unknown,,Chengde Zhaofeng Steel Group Co Ltd [100.0%],E100000126962 [100.0%],unknown [100.0%],"Provincial Highway 358, Kuancheng Manchu Autonomous County, Chengde City, Hebei Province",河北省承德市宽城满族自治县板城镇岔沟村2号,Chengde,Hebei,China,Asia Pacific,"40.5938750, 118.6333340",exact,https://www.gem.wiki/Chengde_Zhaofeng_Steel_Group_Co_Ltd,19,unknown,unknown,2001,unknown,unknown,2020,,,,10000.0,"crude, semi-finished, finished rolled","billet, strip",unknown,171,unknown,unknown,no,BF; BOF,unknown,unknown,unknown,40.593875,118.633334,19.0,10000.0,40.5938750,118.6333340,POINT (118.633334 40.593875)
194,P100000120279,Chengyu Vanadium and Titanium Technology Co Ltd,威远钢铁有限公司,"Weiyuan Iron and Steel Co., Ltd.",成渝钒钛科技有限公司,Chengyu Vanadium & Titanium Technology Co Ltd,成渝钒钛科技有限公司,E100000127197,unknown,,Grand Royal Co Ltd [45.2%]; Sichuan Jintong Investment Co Ltd [14.0%]; unknown [11.7%]; Sichuan Chuanwei Group Co Ltd Labor Union [9.5%]; Sichuan Chuanwei Group Co Ltd [8.6%]; Sichuan Yiweili Investment Co Ltd [6.0%]; Weiyuan Tianyue Enterprise Management Co Ltd [5.0%],E100000130585 [45.2%]; E100000128912 [14.0%]; E100000132388 [11.7%]; E100000130256 [9.5%]; E100000127991 [8.6%]; E100000128913 [6.0%]; E100000127992 [5.0%],unknown [45.2%]; unknown [14.0%]; unknown [11.7%]; unknown [9.5%]; unknown [8.6%]; unknown [6.0%]; unknown [5.0%],Jiefang Street,四川省内江市威远县连界镇解放街,Lianjie,Sichuan,China,Asia Pacific,"29.7321430, 104.5043390",exact,https://www.gem.wiki/Chengyu_Vanadium_and_Titanium_Technology_Co_Ltd,19.46,unknown,unknown,2006-09-04 00:00:00,unknown,unknown,unknown,,,1100.0,,finished rolled,"wire rod, bar",tools and machinery,5350,2024-08-30 00:00:00,unknown,no,BF; BOF; EAF,unknown,unknown,unknown,29.732143,104.504339,19.46,1100.0,29.7321430,104.5043390,POINT (104.504339 29.732143)
200,P100000120286,Chongli Steel Manufacturing Co Ltd,崇利制钢有限公司,,,Chongli Steel Manufacturing Co Ltd,崇利制钢有限公司,E100000126996,unknown,,British Asia Pan Ruogen International Co Ltd [59.2%]; unknown [40.8%],E100000130417 [59.2%]; E100000132388 [40.8%],unknown [59.2%]; unknown [40.8%],"Jingdian Town, She County, Handan City, Hebei Province",河北省邯郸市涉县井店镇,Handan,Hebei,China,Asia Pacific,"36.6024680, 113.7557440",exact,https://www.gem.wiki/Chongli_Steel_Manufacturing_Co_Ltd,14,unknown,unknown,2003,unknown,unknown,2017,,800.0,,,"semi-finished, finished rolled","billet, rounds, rebar",unknown,2711,yes,yes,no,BF; BOF,unknown,unknown,unknown,36.602468,113.755744,14.0,800.0,36.6024680,113.7557440,POINT (113.755744 36.602468)
208,P100000120923,Cleveland-Cliffs Burns Harbor steel plant,,"Burns Harbor, ArcelorMittal Burns Harbor steel plant (predecessor), ArcelorMittal - Bethlehem Steel",,Cleveland-Cliffs Inc,,E100001000649,4295903753,,Cleveland-Cliffs Inc [100.0%],E100001000649 [100.0%],4295903753 [100.0%],"250 W. U.S. Highway 12, Burns Harbor, IN 46304-9745, United States",,Burns Harbor,Indiana,United States,North America,"41.6312210, -87.1438460",exact,https://www.gem.wiki/Cleveland-Cliffs_Burns_Harbor_steel_plant,62,unknown,unknown,1964,unknown,unknown,unknown,,2800.0,1877.0,,finished rolled,"sheet, hot rolled, cold rolled, coated, slab","automotive, building and infrastructure, energy, steel packaging, tools and machinery, transport",4039,2022,unknown,no,BF; BOF,unknown,unknown,unknown,41.631221,-87.143846,62.0,4677.0,41.6312210,-87.1438460,POINT (-87.143846 41.631221)
213,P100000120926,Cleveland-Cliffs Indiana Harbor steel plant,,"Indiana Harbor, ArcelorMittal Indiana Harbor steel plant (predecessor), ArcelorMittal East Chicago, Inland Steel (predecessor), LTV Steel (predecessor)",,Cleveland-Cliffs Inc,,E100001000649,4295903753,,Cleveland-Cliffs Inc [100.0%],E100001000649 [100.0%],4295903753 [100.0%],"3210 Watling St., East Chicago, IN 46312, United States",,East Chicago,Indiana,United States,North America,"41.6695530, -87.4384290",exact,https://www.gem.wiki/Cleveland-Cliffs_Indiana_Harbor_steel_plant,125,unknown,unknown,1901,unknown,unknown,unknown,,2300.0,,,finished rolled,pipe,"automotive, energy, tools and machinery",3431,2023,unknown,no,BF; BOF; EAF,unknown,unknown,unknown,41.669553,-87.438429,125.0,2300.0,41.6695530,-87.4384290,POINT (-87.438429 41.669553)
214,P100000120061,Cleveland-Cliffs Lake Erie steel plant,,"Stelco Lake Erie, Lake Erie Works, US Steel Canada (predecessor)",,Cleveland-Cliffs Inc,,E100001000649,4295903753,,Cleveland-Cliffs Inc [100.0%],E100001000649 [100.0%],4295903753 [100.0%],"2330 Regional Road #3, Nanticoke, Ontario, N0A 1L0, Canada",,Nanticoke,Ontario,Canada,North America,"42.8054480, -80.0953130",exact,https://www.gem.wiki/Cleveland-Cliffs_Lake_Erie_steel_plant,46,unknown,unknown,1980,unknown,unknown,unknown,,,650.0,,finished rolled,"cold rolled, tube, coated, hot rolled","automotive, building and infrastructure, energy",1250,2023-02-14 00:00:00,unknown,no,BF; BOF,hydroelectric grid centred around Niagara Falls at the Sir Adam Beck Hydroelectric Power Stations; 64W cogeneration waste heat recovery plant on site,unknown,unknown,42.805448,-80.095313,46.0,650.0,42.8054480,-80.0953130,POINT (-80.095313 42.805448)
232,P100001045282,Crest Steel and Power Mangatta steel plant,,,,Crest Steel and Power Pvt Ltd,,E100002007975,4298478658,,Atha Group [47.5%]; Ghanashyam Misra & Sons Pvt Ltd [47.5%],E100000134289 [47.5%]; E100002000372 [47.5%],5064283827 [47.5%]; 5064636420 [47.5%],Joratarai Village,,Mangatta,Chhattisgarh,India,Asia Pacific,"21.1903130, 81.1992200",exact,https://www.gem.wiki/Crest_Steel_and_Power_Mangatta_steel_plant,21.13,unknown,unknown,2005-01-01 00:00:00,unknown,unknown,unknown,,,,1400.0,finished rolled,"bar, coil, rounds, wire rod",unknown,2500,unknown,unknown,no,DRI; IF; BF; EAF,16 MW CPP (8 MW WHRB-based; 8 MW FBC); 3 x 100KW Solar Power,unknown,SECL Mines,21.190313,81.19922,21.13,1400.0,21.1903130,81.1992200,POINT (81.19922 21.190313)
234,P100000120039,CSN Volta Redonda steel plant,Usina siderúrgica CSN Presidente Vargas,Presidente Vargas Steelworks,,Companhia Siderúrgica Nacional SA,,E100001000652,4297320527,,Companhia Siderúrgica Nacional SA [100.0%],E100001000652 [100.0%],4297320527 [100.0%],"Highway BR393, Lucio Meira Km 5001, Vila Santa Cecilia, Volta Redonda , Rio de Janiero, Brazil",,Volta Redonda,Rio de Janeiro,Brazil,Central & South America,"-22.5126310, -44.1128700",exact,https://www.gem.wiki/CSN_Volta_Redonda_steel_plant,80,unknown,unknown,1946,unknown,unknown,unknown,,6930.0,1680.0,,"semi-finished, finished rolled","shapes, galvanized, wire rod, rebar, cold rolled, hot rolled, slab","automotive, building and infrastructure, steel packaging, tools and machinery",15518,2023-12-17 00:00:00,unknown,no,BF; BOF; EAF,CSN owns two hydroelectric plants (Ita and Igarapava) and a thermoelectric plant in Volta Redondo,"Casa de Pedra mine, Congonhas, Brazil",unknown,-22.512631,-44.11287,80.0,8610.0,-22.5126310,-44.1128700,POINT (-44.11287 -22.512631)
243,P100000120202,Danyang Longjiang Steel Co Ltd,丹阳龙江钢铁有限公司,,,Danyang Longjiang Steel Co Ltd,丹阳龙江钢铁有限公司,E100000127247,unknown,,Hong Kong Qianlong Co Ltd [67.2%]; natural person(s) [32.8%],E100000130432 [67.2%]; E100000123261 [32.8%],unknown [67.2%]; unknown [32.8%],No. 111 Xingang Road,江苏省丹阳市开发区新港路111号,unknown,Jiangsu,China,Asia Pacific,"32.0277910, 119.5770600",exact,https://www.gem.wiki/Danyang_Longjiang_Steel_Co_Ltd,22.59,unknown,unknown,2003-07-18 00:00:00,unknown,unknown,unknown,,2300.0,,,"semi-finished, finished rolled","pipe, billet, profile, bar","building and infrastructure, tools and machinery, transport",671,2024-06-07 00:00:00,2024-12-05 00:00:00,no,BF; BOF,unknown,unknown,unknown,32.027791,119.57706,22.59,2300.0,32.0277910,119.5770600,POINT (119.57706 32.027791)
244,P100000120376,Daye Huaxin Industrial Co Ltd,大冶华鑫实业有限公司,,,Daye Huaxin Industrial Co Ltd,大冶华鑫实业有限公司,E100000126198,unknown,,natural person(s) [56.3%]; Hubei Xinxin Steel Group Co Ltd [21.1%]; Jin Jun'an Investment Group Co Ltd [18.9%]; unknown [3.7%],E100000123261 [56.3%]; E100000127570 [21.1%]; E100000127571 [18.9%]; E100000132388 [3.7%],unknown [56.3%]; unknown [21.1%]; unknown [18.9%]; unknown [3.7%],"Majiao Village, Jinhu Street, Daye City, Huangshi City, Hubei Province",湖北省大冶市金湖街马叫村,Huangshi,Hubei,China,Asia Pacific,"30.0702190, 114.9262510",exact,https://www.gem.wiki/Daye_Huaxin_Industrial_Co_Ltd,23,unknown,unknown,2003,unknown,unknown,unknown,,1320.0,,1000.0,finished rolled,bar,building and infrastructure,2407,2023-06-15 00:00:00,2025-04-24 00:00:00,no,BF; BOF,unknown,unknown,unknown,30.070219,114.926251,23.0,2320.0,30.0702190,114.9262510,POINT (114.926251 30.070219)
247,P100000120911,DCH Dnipro Metallurgical Plant,ДМЗ,"DCH Steel, Dnipro Metallurgy Plant, DMZP, Dneprovsk (Petrovsky) Steel, DMZ, Dniprovsky Metallurgical Plant, PJSC, Dniprovsky Metalurgiiny Zavod, PRAT","Днепровский МЗ, Днепровский метзавод, Дніпровський МЗ (Ukranian), Днепропетровский металлургический завод им. Петровского (Russian, predecessor), Дніпровський металургійний завод, Дніпровський металургійний завод DCH Steel",Dnipro Metallurgical Plant PJSC,Дніпровський металургійний завод,E100001012227,unknown,,small shareholder(s) [2.3%]; Drampisco Limited,E100001015587 [2.3%]; E100001016128,unknown [2.3%]; 5062285986,"Bud. 3, Vul. Mayakovskogo, Dnipro, Dnipropetrovsk oblast, Ukraine, 49064",,Dnipro,Dnipropetrovsk,Ukraine,Europe,"48.4807900, 34.9780970",exact,https://www.gem.wiki/DCH_Dnipro_Metallurgical_Plant,139,unknown,unknown,1887,unknown,2022,unknown,,,1040.0,,"semi-finished, finished rolled","billet, rail, angle, channel",transport,2910,expired,unknown,no,EAF; BF; BOF,unknown,unknown,unknown,48.48079,34.978097,139.0,1040.0,48.4807900,34.9780970,POINT (34.978097 48.48079)
250,P100000120121,Delong Steel Co Ltd,德龙钢铁有限公司,,,DELONG Steel Ltd,德龙钢铁有限公司,E100000126785,unknown,,British Asia Pan Ruogen International Co Ltd [100.0%],E100000130417 [100.0%],unknown [100.0%],"Zhongyinguo Village, Nanshimen Town, Xingtai County, Xingtai City, Hebei Province",河北省邢台市邢台县南石门镇中尹郭村,Xingtai,Hebei,China,Asia Pacific,"37.0861160, 114.3848320",exact,https://www.gem.wiki/Delong_Steel_Co_Ltd,26,unknown,unknown,2000,unknown,unknown,unknown,,2216.0,,,finished rolled,"structural, coil, plate","building and infrastructure, energy, tools and machinery",3700,2024-09-12 00:00:00,2023-09-28 00:00:00,no,BF; BOF,unknown,unknown,unknown,37.086116,114.384832,26.0,2216.0,37.0861160,114.3848320,POINT (114.384832 37.086116)
251,P100000121213,Delta Steel Mill Al Qalyubia plant,شركة مصانع الدلتا للصلب,Delta Steel Mill Co,,Delta Steel Mills Co,,E100002019606,4296776914,Full,Metallurgical Industries Holding Co,E100001012452,5000059154,"Musturad, Shubra El Kheima 2, Al-Qalyubia Governorate, Egypt",,Mustorod,Al-Qalyubia,Egypt,Africa,"30.1184300, 31.2812640",exact,https://www.gem.wiki/Delta_Steel_Mill_Al_Qalyubia_plant,79,unknown,unknown,1947,unknown,unknown,unknown,,,,250.0,"semi-finished, finished rolled","billet, rod, wire, bar","energy, transport",1448,unknown,unknown,no,EAF,unknown,unknown,unknown,30.11843,31.281264,79.0,250.0,30.1184300,31.2812640,POINT (31.281264 30.11843)
265,P100000120898,Dragon Steel Taichung steel plant,中龍鋼鐵股份有限公司,"DSC, Zhonglong Iron & Steel Co., Ltd., Kuei-Yi Industrial Co., Ltd. (predecessor)",,Dragon Steel Corp,,E100000131172,5000004352,Partial,China Steel Corp [100.0%],E100001010146 [100.0%],4295892116 [100.0%],"No.100, Longchang Rd., Longjing Dist., Taichung City 434, Taiwan",,Longjing,Taichung,Taiwan,Asia Pacific,"24.2268970, 120.4939110",exact,https://www.gem.wiki/Dragon_Steel_Taichung_steel_plant,33,unknown,unknown,1993,unknown,unknown,unknown,,6200.0,2118.0,,"semi-finished, finished rolled","structural, plate, billet, coil, h-beam","automotive, building and infrastructure, tools and machinery",3224,yes,yes,no,BF; BOF; EAF,unknown,unknown,unknown,24.226897,120.493911,33.0,8318.0,24.2268970,120.4939110,POINT (120.493911 24.226897)
269,P100000120747,Eastern Steel Kemaman plant,,ESSB plant,,Eastern Steel Sdn Bhd,,E100000130938,5000744992,,Beijing Jianlong Investment Co Ltd; Hiap Teck Venture Bhd; unknown,E100000000155; E100000130720; E100000132388,unknown; 4295883073; unknown,"Lot 6293 & 6294, Teluk Kalung Industrial Estate, 24000 Kemaman, Terengganu Darul Iman, Malaysia",,Kemaman,Terengganu,Malaysia,Asia Pacific,"4.2850620, 103.4325510",exact,https://www.gem.wiki/Eastern_Steel_Kemaman_plant,11,2011-12-01 00:00:00,unknown,2015,unknown,unknown,unknown,,,800.0,,semi-finished,"slab, coil, billet","automotive, building and infrastructure, energy, steel packaging, tools and machinery, transport",2600,yes,yes,no,BF; BOF; Steel other/unspecified,155 MW power/energy plant on site,unknown,unknown,4.285062,103.432551,11.0,800.0,4.2850620,103.4325510,POINT (103.432551 4.285062)
273,P100000120444,Egyptian Iron & Steel Company Cairo plant,شركة الحديد والصلب المصرية,Hadisolb,,Egyptian Iron & Steel Co,,E100000130694,4295866262,Full,Egyptian Iron & Steel Co [100.0%],E100000130694 [100.0%],4295866262 [100.0%],"Eltabin, Helwan, Cairo, Egypt",,Helwan,Cairo,Egypt,Africa,"29.7744580, 31.3120130",exact,https://www.gem.wiki/Egyptian_Iron_&_Steel_Company_Cairo_plant,64,unknown,unknown,1957,unknown,2021,2021,,3000.0,,,"semi-finished, finished rolled","cold rolled, rebar, strip, hot rolled",unknown,unknown,unknown,unknown,no,BF; BOF,unknown,"Baharia mines, Ghorabi, El Hara, Nasser",unknown,29.774458,31.312013,64.0,3000.0,29.7744580,31.3120130,POINT (31.312013 29.774458)
281,P100000120534,Electrosteel Bokaro steel plant,,"Electrosteel Steels Limited, ESL",,ESL Steel Ltd,,E100000130900,4298544502,Partial,Vedanta Ltd [95.5%]; small shareholder(s) [4.5%],E100001000479 [95.5%]; E100001015587 [4.5%],4295872982 [95.5%]; unknown [4.5%],"Village: Siyaljori, PO.- Jogidih, Op.- Bangeria, PS.- Chandankyari, Dist.– Bokaro 828303, Jharkhand (INDIA)",,Bokaro,Jharkhand,India,Asia Pacific,"23.6329070, 86.2936710",exact,https://www.gem.wiki/Electrosteel_Bokaro_steel_plant,20,unknown,unknown,2006,unknown,unknown,unknown,,2744.0,500.0,,"crude, semi-finished, finished rolled","wire rod, bar, pipe, billet, pig iron","building and infrastructure, energy",8895,2024-06-02 00:00:00,unknown,no,BF; BOF; Steel other/unspecified,80 MW Captive power plant,Nadidihi iron ore and manganese Block Mines and Nadidihi iron ore block mines situated in Odisha.,"Australia, Russia and Indonesia",23.632907,86.293671,20.0,3244.0,23.6329070,86.2936710,POINT (86.293671 23.632907)
282,P100000121207,Electrosteel Castings Srikalahasthi steel plant,,Srikalahasthi Works,,Electrosteel Castings Ltd,,E100001012391,4295873171,,Electrosteel Castings Ltd [100.0%],E100001012391 [100.0%],4295873171 [100.0%],"Vill - Rachagunneri ,Mandal-Srikalahasthi, District - Tirupati, Andhra Pradesh , India, Pin - 517641",,Srikalahasthi,Andhra Pradesh,India,Asia Pacific,"13.7171880, 79.6305880",exact,https://www.gem.wiki/Electrosteel_Castings_Srikalahasthi_steel_plant,32,unknown,unknown,1994,unknown,unknown,unknown,,500.0,280.0,,"semi-finished, finished rolled","di pipe, pig iron",building and infrastructure,unknown,2023-12-10 00:00:00,unknown,no,BF; IF,22 MW Waste Heat Recovery Captive Power Plant,unknown,unknown,13.717188,79.630588,32.0,780.0,13.7171880,79.6305880,POINT (79.630588 13.717188)
285,P100000120871,Erdemir Eregli steel plant,EREĞLİ DEMİR VE ÇELİK FABRİKALARI T.A.Ş,Eregli Demir,,Eregli Demir ve Celik Fabrikalari AŞ,Ereğli Demir ve Çelik Fabrikaları T.A.Ş.,E100000130751,4295893524,Partial,Eregli Demir ve Celik Fabrikalari AŞ [100.0%],E100000130751 [100.0%],4295893524 [100.0%],"Uzunkum No: 7 Kdz. Ereğli, 67330 Zonguldak, Türkiye",,Ereğli,Zonguldak,Türkiye,Europe,"41.2614690, 31.4201060",exact,https://www.gem.wiki/Erdemir_Eregli_steel_plant,61,unknown,unknown,1965,unknown,unknown,unknown,,,800.0,,"semi-finished, finished rolled","plate, coated, cold rolled, hot rolled, flat, galvanized, packaging steel","automotive, building and infrastructure, energy, steel packaging, tools and machinery, transport",5600,2024-09-11 00:00:00,2024-09-06 00:00:00,no,BF; BOF; EAF,Plans to build a solar power plant by 2025 (1200 mw),"Ermaden (P100000128667, P100000129389, P100000128655)",unknown,41.261469,31.420106,61.0,800.0,41.2614690,31.4201060,POINT (31.420106 41.261469)
288,P100000120580,Esfahan Steel Isfahan plant,شرکت ذوب آهن اصفهان,"ESCO, Aryamehr Steel Mill (Predecessor), Esfahan Aryamehr Steel Company (Predecessor), Isfahan steel plant",شرکت آهن و فولاد اصفهان,Esfahan Steel Co,,E100001010254,4297254997,Full,Iranian Mines & Mining Industries Development & Renovation Organization,E100000000547,5000935267,"Lenjan, Isfahan Province, Iran",,Lenjan,Isfahan,Iran,Middle East,"32.4183040, 51.3313140",exact,https://www.gem.wiki/Esfahan_Steel_Isfahan_plant,55,unknown,unknown,1971,unknown,unknown,unknown,,,2035.0,,"crude, semi-finished, finished rolled","pig iron, round bar, channel, angle, beam, parallel flanges, rebar, studs, rail, ingot","building and infrastructure, energy, transport",890,expired,unknown,no,BF; BOF; EAF,2 power plants (110 mw each),unknown,"Old source, but was previously 50-50 domestic vs international, aiming for 60% domestic in 2013",32.418304,51.331314,55.0,2035.0,32.4183040,51.3313140,POINT (51.331314 32.418304)
289,P100000121153,ESM Mutún steel plant,Complejo Siderúrgico del Mutún,Empresa Siderurgica Mutun Steel Plant,,Empresa Siderúrgica del Mutún SA,,E100002000080,5037336916,Full,Empresa Siderúrgica del Mutún SA [100.0%],E100002000080 [100.0%],5037336916 [100.0%],"Puerto Suárez, Santa Cruz, Bolivia",,Puerto Suárez,Santa Cruz,Bolivia,Central & South America,"-19.1373250, -57.8806050",exact,https://www.gem.wiki/ESM_Mutún_steel_plant,0.97,2016-03-01 00:00:00,2019-01-01 00:00:00,2025-03-01 00:00:00,unknown,unknown,unknown,,,,400.0,finished rolled,unknown,unknown,700,unknown,unknown,no,DRI; EAF,onsite power plant,unknown,unknown,-19.137325,-57.880605,0.97,400.0,-19.1373250,-57.8806050,POINT (-57.880605 -19.137325)
295,P100000121195,Evonith Metallics Wardha steel plant,,Uttam Galva Metallics Limited (UGML),,Evonith Metallics Ltd,,E100001012096,5036158873,,Nithia Capital Resources Advisors LLP [55.7%]; AB CarVal Investors LP [44.3%],E100001016196 [55.7%]; E100001016198 [44.3%],5035393612 [55.7%]; 4297703173 [44.3%],"Bhugaon Link Road, Wardha, Maharashtra, India",,Wardha,Maharashtra,India,Asia Pacific,"20.7046050, 78.6202930",exact,https://www.gem.wiki/Evonith_Metallics_Wardha_steel_plant,32,unknown,unknown,1994,unknown,unknown,unknown,,1500.0,,,"crude, semi-finished","pig iron, bar",unknown,423,yes,unknown,no,BF; BOF,34 MW Captive Power Plant,Jabalpur (60-80%) and from mines in Odisha and Karnataka,Australia,20.704605,78.620293,32.0,1500.0,20.7046050,78.6202930,POINT (78.620293 20.704605)
297,P100000120811,Evraz NTMK steel plant,"НТМЗ (predecessor, Russian)","Nizhny Tagil Iron & Steel Works, JSC Evraz Nizhny Tagil Metallurgical Plant, NTMZ (predecessor), Novo-Tagil Metallurgical Plant (predecessor)","ЕВРАЗ Нижнетагильский металлургический комбинат, Ново-Тагильский металлургический завод (predecessor, Russian), ЕВРАЗ НТМК",Evraz NTMK JSC,"АО ""ЕВРАЗ НТМК""",E100001010326,4295886995,,EVRAZ PLC [100.0%],E100001000663 [100.0%],5036227579 [100.0%],"1 Metallurgov street, Nizhnij Tagil, Sverdlovsk oblast, Russia, 622025","622025, Российская Федерация, Свердловская обл.асть, г. Нижний Тагил, ул. Металлургов, д. 1",Nizhnij Tagil,Sverdlovsk,Russia,Eurasia,"57.9228510, 60.0335430",exact,https://www.gem.wiki/Evraz_NTMK_steel_plant,86,unknown,unknown,1940,unknown,unknown,unknown,,,2300.0,,"semi-finished, finished rolled","structural, rail, pipe, billet, slab, beam, profile","automotive, building and infrastructure, tools and machinery, transport",14006,2023-11-10 00:00:00,2023-12-19 00:00:00,no,BF; BOF,unknown,EVRAZ Sobstvenno-Kachkanarskoye Mine (P100000128738),unknown,57.922851,60.033543,86.0,2300.0,57.9228510,60.0335430,POINT (60.033543 57.922851)
298,P100000120822,Evraz ZSMK steel plant,Новокузнецкий металлургический комбинат,"NKMK, ZSMK, Novokuznetsk Iron and Steel Works, West Siberian Iron & Steel, Kuznetsk Iron and Steel Works","ЗСМК, Кузнецкий металлургический завод (predecessor), Металлургический комбинат ЕВРАЗ ЗСМК , ОАО ""ЕВРАЗ Объединенный Западно-Сибирский металлургический комбинат"", Новокузнецкий металлургический комбинат (до 2003 года Кузнецкий металлургический комбинат), НКМК, Западно-Сибирский металлургический комбинат",Evraz ZSMK JSC,"ЗСMK, Западно-Сибирский металлургический комбинат",E100001010327,5000037548,,EVRAZ PLC [100.0%],E100001000663 [100.0%],5036227579 [100.0%],"Kosmicheskoye Shosse, 16, Novokuznetsk, Kemerovskaya oblast, Russia, 654042","654042, Российская Федерация, Кемеровская область, г. Новокузнецк, Космическое шоссе, 16",Novokuznetsk,Kemerovskaya,Russia,Eurasia,"53.8861800, 87.2576180",exact,https://www.gem.wiki/Evraz_ZSMK_steel_plant,94,unknown,1929,1932,unknown,unknown,unknown,,7200.0,5210.0,,"semi-finished, finished rolled","shapes, wire rod, rail, rebar, bar, billet, coil, slab, beam, pig iron","building and infrastructure, transport",22507,2023,2023,no,BF; BOF; EAF,Zapadno-Sibirskaya power station,"Evrazruda (Tashtagol mine (P100000128774), Sheregesh mine (P100000128773), Kazskaya mine (P100000128825)); Горнорудный филиал ЕВРАЗ ЗСМК (шахта «Таштагольская»; шахта «Шерегешская»; шахта «Казская»)",Alardinskaya coal mine (M0767),53.88618,87.257618,94.0,12410.0,53.8861800,87.2576180,POINT (87.257618 53.88618)
305,P100000120211,Fangda Special Steel Technology Co Ltd,南昌钢铁有限责任公司,"Nanchang Iron & Steel Co., Ltd. (predecessor) (http://www.fdtegang.com/content/culture)",方大特钢科技股份有限公司,Fangda Special Steel Technology Co Ltd,方大特钢科技股份有限公司,E100000126116,unknown,,Fangda Special Steel Technology Co Ltd [100.0%],E100000126116 [100.0%],unknown [100.0%],No.475 Yejin Avenue,江西省南昌市青山湖区冶金大道475号,Nanchang,Jiangxi,China,Asia Pacific,"28.6454410, 115.9920400",exact,https://www.gem.wiki/Fangda_Special_Steel_Technology_Co_Ltd,67.55,unknown,unknown,1958-08-01 00:00:00,unknown,unknown,unknown,,3843.0,,,finished rolled,"hot rolled, rounds, rebar, flat","automotive, building and infrastructure, energy, tools and machinery",5474,2023-11-18 00:00:00,2022-12-12 00:00:00,no,BF; BOF,unknown,unknown,unknown,28.645441,115.99204,67.55,3843.0,28.6454410,115.9920400,POINT (115.99204 28.645441)
306,P100000121101,Fasa Steel Complex Fars,مجتمع فولاد فسا,FASCO,,Fasa Steel Complex Co,,E100002020615,unknown,,Fasa Steel Complex Co [100.0%],E100002020615 [100.0%],unknown [100.0%],"Fasa, Fars, Iran",,Fasa,Fars,Iran,Middle East,"28.9774530, 53.8678360",exact,https://www.gem.wiki/Fasa_Steel_Complex_Fars,unknown,unknown,unknown,unknown,unknown,unknown,2016,,,,2700.0,"crude, semi-finished",DRI,unknown,3000,unknown,unknown,no,EAF; DRI,unknown,unknown,unknown,28.977453,53.867836,,2700.0,28.9774530,53.8678360,POINT (53.867836 28.977453)
321,P100000121011,Formosa Ha Tinh Steel plant,台塑河靜鋼鐵興業責任有限公司,"Formosa Ha Tinh Steel Corporation, FHS, Hung Nghiep Formosa steel plant","Công ty TNHH Gang thép Hưng Nghiệp Formosa Hà Tĩnh, Formosa Vũng Áng",Formosa Ha Tinh Steel Corp,Công ty TNHH Gang Thép Hưng Nghiệp Formosa Hà Tĩnh,E100000003270,5000952254,Partial,China Steel Corp; Formosa Plastics Corp; JFE Holdings Inc,E100001010146; E100000001015; E100000000643,4295892116; 4295892087; 4295880726,"Vung Ang Economic Zone, Ky Long Ward, Ky Anh Town, Ha Tinh Province, Vietnam",,Ky Anh Town,Ha Tinh,Vietnam,Asia Pacific,"18.0363330, 106.4282710",exact,https://www.gem.wiki/Formosa_Ha_Tinh_Steel_plant,18,2008-04-01 00:00:00,2008-07-06 00:00:00,2008,unknown,unknown,unknown,,10000.0,3000.0,,"semi-finished, finished rolled","wire rod, bar, bloom, billet, hot rolled coil, slab, non-skinpass",unknown,7500,expired,unknown,no,BF; BOF; DRI,650 MW coal-fired power plant,Vietnam; Brazil; Australia; Ukraine; Rusia,Australia; Canada; Russia,18.036333,106.428271,18.0,13000.0,18.0363330,106.4282710,POINT (106.428271 18.036333)
325,P100000121065,Fujian Dingxin Industrial Co Ltd,福建鼎信实业有限公司,,,Fujian Dingxin Industry Co Ltd,福建鼎信实业有限公司,E100000126523,unknown,,Shanghai Decent Investment (Group) Co Ltd [36.4%]; unknown [20.4%]; TSINGSHAN Holding Group Co Ltd [19.8%]; Zhejiang Qingshan Business Management Co Ltd [15.6%]; DELIXI Group Limited Co [7.8%],E100000128090 [36.4%]; E100000132388 [20.4%]; E100000128088 [19.8%]; E100000128539 [15.6%]; E100000128291 [7.8%],5000703672 [36.4%]; unknown [20.4%]; unknown [19.8%]; unknown [15.6%]; unknown [7.8%],"Longzhu Village, Wanwu Township, Fu'an City, Ningde City, Fujian Province",福建省宁德市福安市湾坞乡龙珠村,Ningde,Fujian,China,Asia Pacific,"26.7695000, 119.7385190",exact,https://www.gem.wiki/Fujian_Dingxin_Industrial_Co_Ltd,18,unknown,unknown,2008,unknown,unknown,unknown,300.0,,,,"semi-finished, finished rolled","billet, coil",unknown,3070,2023-03-24 00:00:00,2025-03-24 00:00:00,no,EAF,waste heat power generation,unknown,unknown,26.7695,119.738519,18.0,300.0,26.7695000,119.7385190,POINT (119.738519 26.7695)
331,P100000120080,Fujian Luoyuan Minguang Iron and Steel Co Ltd,福建罗源闽光钢铁有限责任公司,,,Fujian Luoyuan Minguang Iron & Steel Co Ltd,福建罗源闽光钢铁有限责任公司,E100000123227,unknown,Partial,Fujian Metallurgical Holding Co Ltd [53.4%]; unknown [46.6%],E100000124862 [53.4%]; E100000132388 [46.6%],unknown [53.4%]; unknown [46.6%],"Zone 1, Jingang Industrial Zone, Luoyuanwan Development Zone, Luoyuan County, Fuzhou City, Fujian Province",福建省福州市罗源县罗源湾开发区金港工业区1区,Fuzhou,Fujian,China,Asia Pacific,"26.4838150, 119.6710500",exact,https://www.gem.wiki/Fujian_Luoyuan_Minguang_Iron_and_Steel_Co_Ltd,12,unknown,unknown,2014,unknown,unknown,unknown,,2230.0,,,"semi-finished, finished rolled","billet, round bar, rebar",unknown,2459,2023-05-30 00:00:00,2023-05-30 00:00:00,no,BF; BOF,Self-owned power generation,unknown,unknown,26.483815,119.67105,12.0,2230.0,26.4838150,119.6710500,POINT (119.67105 26.483815)
335,P100000120081,Fujian Tsingtuo Nickel Industry Co Ltd,福建鼎信镍业有限公司,"Fujian Dingxin Nickel Industry Co., Ltd.",福建青拓镍业有限公司,Fujian Tsingtuo Nickel Industry Co Ltd,福建青拓镍业有限公司,E100000126778,unknown,,Shanghai Decent Investment (Group) Co Ltd [34.7%]; TSINGSHAN Holding Group Co Ltd [30.5%]; unknown [26.1%]; Zhejiang Qingshan Business Management Co Ltd [8.7%],E100000128090 [34.7%]; E100000128088 [30.5%]; E100000132388 [26.1%]; E100000128539 [8.7%],5000703672 [34.7%]; unknown [30.5%]; unknown [26.1%]; unknown [8.7%],"Fuxi Village, Wanwu Town, Fu'an City, Ningde City, Fujian Province",福建省宁德市福安市湾坞镇浮溪村,Ningde,Fujian,China,Asia Pacific,"26.7689250, 119.7652030",exact,https://www.gem.wiki/Fujian_Tsingtuo_Nickel_Industry_Co_Ltd,15,unknown,unknown,2011,unknown,unknown,unknown,1000.0,,,,"semi-finished, finished rolled","billet, wire, bar","building and infrastructure, energy, tools and machinery, transport",3912,2023-03-23 00:00:00,2025-03-27 00:00:00,no,BF; EAF,waste heat power generation&400 megawatts rooftop distributed photovoltaic,unknown,unknown,26.768925,119.765203,15.0,1000.0,26.7689250,119.7652030,POINT (119.765203 26.768925)
342,P100001045317,Gallantt Ispat Gorakhpur steel plant,,,,Gallantt Ispat Ltd,,E100002008017,4295873649,,Gallantt Ispat Ltd [100.0%],E100002008017 [100.0%],4295873649 [100.0%],Sector 23,,Gorakhpur Industrial Development Authority,Uttar Pradesh,India,Asia Pacific,"26.7570090, 83.1990860",exact,https://www.gem.wiki/Gallantt_Ispat_Gorakhpur_steel_plant,32,unknown,unknown,1994,unknown,unknown,unknown,,,,792.0,finished rolled,rebar,building and infrastructure,unknown,unknown,unknown,no,DRI; IF,78 MW CPP,unknown,unknown,26.757009,83.199086,32.0,792.0,26.7570090,83.1990860,POINT (83.199086 26.757009)
343,P100000120082,Gansu Jiu Steel Group Hongxing Iron and Steel Co Ltd,甘肃酒钢集团宏兴钢铁股份有限公司,Jiuquan Iron and Steel Group,,Gansu Jiu Steel Group Hongxing Iron and Steel Co Ltd,甘肃酒钢集团宏兴钢铁股份有限公司,E100000127239,unknown,,Gansu Jiu Steel Group Hongxing Iron and Steel Co Ltd [100.0%],E100000127239 [100.0%],unknown [100.0%],"No. 12, Xiongguan East Road, Jiayuguan City, Gansu Province",甘肃省酒泉市嘉峪关市雄关东路12号,Jiayuguan,Gansu,China,Asia Pacific,"39.8121210, 98.2955550",exact,https://www.gem.wiki/Gansu_Jiu_Steel_Group_Hongxing_Iron_and_Steel_Co_Ltd,27,unknown,unknown,1999,unknown,unknown,unknown,,9500.0,,,finished rolled,"wire rod, sheet, plate, bar, coil, carbon steel",unknown,16221,2023-04-14 00:00:00,2025-01-10 00:00:00,no,BF; BOF; EAF,JISCO power stations 1 and 2,unknown,unknown,39.812121,98.295555,27.0,9500.0,39.8121210,98.2955550,POINT (98.295555 39.812121)
345,P100000120033,Gerdau Açominas Ouro Branco steel plant,Usina siderúrgica Gerdau Açominas,"Ouro Branco steel plant, Presidente Artur Bernardes steel plant",,Gerdau Acominas SA,Gerdau Açominas,E100001010278,4296998615,,Gerdau SA [100.0%],E100001010270 [100.0%],5000004542 [100.0%],"Rod. MG-443, Km 7 s/n, Fazenda do Cadete, Ouro Branco - MG, 36420-000, Brazil",,Ouro Branco,Minas Gerais,Brazil,Central & South America,"-20.5435070, -43.7529500",exact,https://www.gem.wiki/Gerdau_Açominas_Ouro_Branco_steel_plant,40,unknown,unknown,1986,unknown,unknown,unknown,,5462.0,2905.0,,"semi-finished, finished rolled","wire rod, sheet, plate, bloom, billet, coil, slab, profile","automotive, building and infrastructure, energy, tools and machinery",8500,2022-09-14 00:00:00,unknown,no,BF; BOF,unknown,Gerdau's Varzea do Lopes mine,unknown,-20.543507,-43.75295,40.0,8367.0,-20.5435070,-43.7529500,POINT (-43.75295 -20.543507)
372,P100000121216,Godawari Power and Ispat Sarora steel plant,,,,Godawari Power and Ispat Ltd,,E100001000665,4295874267,,Godawari Power and Ispat Ltd [100.0%],E100001000665 [100.0%],4295874267 [100.0%],"Village Sarora, Tehsil Tilda, District Raipur, Chhattisgarh, India",,Sarora,Chhattisgarh,India,Asia Pacific,"21.5650320, 81.7394470",exact,https://www.gem.wiki/Godawari_Power_and_Ispat_Sarora_steel_plant,,2021-07-01 00:00:00,unknown,2028,unknown,unknown,unknown,,1200.0,800.0,3000.0,"semi-finished, finished rolled","pipe, slab, bar, billet",unknown,5816,unknown,unknown,no,BF; BOF,330 MW Captive Power Plant,unknown,unknown,21.565032,81.739447,,5000.0,21.5650320,81.7394470,POINT (81.739447 21.565032)
373,P100000120557,Godawari Power and Ispat Siltara steel plant,,"GPIL, Ispat Godawari (IGL)",,Godawari Power and Ispat Ltd,,E100001000665,4295874267,,Godawari Power and Ispat Ltd [100.0%],E100001000665 [100.0%],4295874267 [100.0%],"428/2, Phase-I, Industrial Area, Siltara – 493111, Dist. Raipur, Chhattisgarh, INDIA",,Raipur,Chhattisgarh,India,Asia Pacific,"21.3762140, 81.6818880",exact,https://www.gem.wiki/Godawari_Power_and_Ispat_Siltara_steel_plant,25,1999,unknown,2001,unknown,unknown,unknown,,,,2100.0,"crude, semi-finished, finished rolled","bloom, billet, DRI, wire",building and infrastructure,3442,yes,yes,no,BF; DRI; IF,73 MW captive power plant,GPIL Kachche Aridongri Mine (P100000128995); GPIL Boria Tibbu Mine (P100000128997),unknown,21.376214,81.681888,25.0,2100.0,21.3762140,81.6818880,POINT (81.681888 21.376214)
378,P100000120613,Golgohar Iron and Steel Company Kerman,شرکت توسعه آهن و فولاد گل گهر,"GISDCO, Golgohar Iron and Steel Development Company, Gol Gohar Steelmaking Complex, GISCO",,Golgohar Iron and Steel Development Co,توسعه آهن و فولاد گل گه,E100001000427,5083506527,Partial,"Golgohar Mining and Industrial Co [35.0%]; Golgohar Investment and Development Co [15.0%]; Ghadir Investment Company PJSC [10.0%]; National bank employees' pension fund [10.0%]; small shareholder(s) [4.2%]; Social Insurance Fund of Farmers and Villagers [1.9%]; Retirement, Pension and Disability Fund of Banks [1.7%]; Sadr Tamin Investment Co [0.8%]; Chadormalu Mining & Industrial Co; Ghadir Industrial and Mining Development International Co; Iranian Mines & Mining Industries Development & Renovation Organization; Iron Alloy Steel Co; Sepah Bank; Shahrood Steel Co",E100000000544 [35.0%]; E100002021998 [15.0%]; E100000000543 [10.0%]; E100002022001 [10.0%]; E100001015587 [4.2%]; E100002022014 [1.9%]; E100002022015 [1.7%]; E100001011683 [0.8%]; E100001012537; E100002022013; E100000000547; E100002022012; E100002011718; E100001016092,5058647259 [35.0%]; unknown [15.0%]; 5035729783 [10.0%]; unknown [10.0%]; unknown [4.2%]; unknown [1.9%]; unknown [1.7%]; 5074708740 [0.8%]; 5062273215; unknown; 5000935267; unknown; 5000066848; unknown,"Sirjan, Kerman Province, Iran",,Sirjan,Kerman,Iran,Middle East,"29.1346140, 55.3607730",exact,https://www.gem.wiki/Golgohar_Iron_and_Steel_Company_Kerman,11,unknown,unknown,2015,unknown,unknown,unknown,,,,5000.0,"crude, semi-finished, finished rolled","slab, hot rolled coil, DRI, cold DRI, hot DRI",unknown,3000,yes,yes,no,DRI; EAF,Hadid Power Post (1000 MWA),Gol Gohar Mine (P100000128556),,29.134614,55.360773,11.0,5000.0,29.1346140,55.3607730,POINT (55.360773 29.134614)
394,P100000120087,Guangdong Guangqing Metal Technology Co Ltd,广东广青金属科技有限公司,,,Guangdong Guangqing METAL Technology Co Ltd,广东广青金属科技有限公司,E100000126182,unknown,Partial,Guangdong Guangxin Holdings Group Ltd [48.9%]; Shanghai Decent Investment (Group) Co Ltd [17.0%]; unknown [16.9%]; TSINGSHAN Holding Group Co Ltd [13.4%]; Zhejiang Qingshan Business Management Co Ltd [3.8%],E100000127962 [48.9%]; E100000128090 [17.0%]; E100000132388 [16.9%]; E100000128088 [13.4%]; E100000128539 [3.8%],unknown [48.9%]; 5000703672 [17.0%]; unknown [16.9%]; unknown [13.4%]; unknown [3.8%],"No.1 Haigang Erheng Road, Lingang Industrial Park, Yangjiang High-tech Industrial Development Zone, Guangdong Province",广东省阳江市高新技术产业开发区临港工业园海港二横路1号,Yangjiang,Guangdong,China,Asia Pacific,"21.6970690, 111.8488410",exact,https://www.gem.wiki/Guangdong_Guangqing_Metal_Technology_Co_Ltd,16,unknown,unknown,2010,unknown,unknown,unknown,300.0,,,,finished rolled,"billet, coil",unknown,3499,2025-05-16 00:00:00,2025-03-06 00:00:00,no,EAF,Rooftop Distributed Photovoltaic Power Generation,unknown,unknown,21.697069,111.848841,16.0,300.0,21.6970690,111.8488410,POINT (111.848841 21.697069)
413,P100000120093,Guangxi Beigang New Material Co Ltd,北海诚德镍业有限公司,"Beihai Chengde Ferronickel Co., Ltd., Guangxi Beibu Gulf New Material Co., Ltd.","广西北部湾新材料有限公司, 广西北港新材料有限公司",Guangxi BG New Materials Co Ltd,广西北港新材料有限公司,E100000126649,unknown,Full,Guangxi Beibu Gulf International Port Group Co Ltd [100.0%],E100000127970 [100.0%],5000910985 [100.0%],"Intersection of No.4 Road and No.7 Road, Tieshangang District, Beihai City, Guangxi Zhuang Autonomous Region",广西北海市铁山港区四号路与七号路交汇处,Beihai,Guangxi,China,Asia Pacific,"21.5199240, 109.5064270",exact,https://www.gem.wiki/Guangxi_Beigang_New_Material_Co_Ltd,17,unknown,unknown,2009,unknown,unknown,unknown,3400.0,,,,finished rolled,"slab, coil, tube",unknown,2225,expired,expired,no,BF; EAF,Southern Power Grid North Bay Power Supply Bureau in Guangxi & Waste Heat Power Generation,unknown,unknown,21.519924,109.506427,17.0,3400.0,21.5199240,109.5064270,POINT (109.506427 21.519924)
424,P100000120306,Guangxi Iron and Steel Group Co Ltd Fangchenggang Iron & Steel Base,广西钢铁集团有限公司防城港钢铁基地,,"柳钢集团防城港钢铁基地, 广西钢铁集团有限公司, 广西柳州钢铁集团有限公司, 武钢柳钢(集团)联合有限责任公司",Guangxi Iron and Steel Group Co Ltd,广西钢铁集团有限公司,E100000123161,unknown,Partial,Liuzhou IRON&STEEL Co Ltd [45.8%]; Guangxi Liuzhou Iron and Steel Group Co Ltd [45.6%]; China Baowu Steel Group Co Ltd [8.6%],E100000123902 [45.8%]; E100000123903 [45.6%]; E100001000472 [8.6%],unknown [45.8%]; unknown [45.6%]; 5000039946 [8.6%],"Qisha Industrial Park, Fangchenggang City, Guangxi Zhuang Autonomous Region",广西壮族自治区防城港市企沙工业园区,Fangchenggang,Guangxi,China,Asia Pacific,"21.5807230, 108.4008960",exact,https://www.gem.wiki/Guangxi_Iron_and_Steel_Group_Co_Ltd_Fangchenggang_Iron_&_Steel_Base,6,unknown,unknown,2020,unknown,unknown,unknown,,10730.0,3500.0,,finished rolled,"coil, sheet, coated",unknown,5943,2025-06-19 00:00:00,2023-07-18 00:00:00,no,BF; BOF,unknown,unknown,unknown,21.580723,108.400896,6.0,14230.0,21.5807230,108.4008960,POINT (108.400896 21.580723)
425,P100000120374,Guangxi Liugang Zhongjin Stainless Steel Co Ltd,广西柳钢中金不锈钢有限公司,"Guangxi Zhongjin Metal Technology Co., Ltd.",广西中金金属科技有限公司,Guangxi Liugang Zhongjin Stainless Steel Co Ltd,广西柳钢中金不锈钢有限公司,E100000126562,unknown,Full,Guangxi Liuzhou Iron and Steel Group Co Ltd [100.0%],E100000123903 [100.0%],unknown [100.0%],"Longtan Industrial Park, Yulin City, Guangxi Zhuang Autonomous Region",广西壮族自治区玉林市龙潭产业园南北三号路,Yulin,Guangxi,China,Asia Pacific,"21.6726100, 109.7418660",exact,https://www.gem.wiki/Guangxi_Liugang_Zhongjin_Stainless_Steel_Co_Ltd,13,unknown,unknown,2013,unknown,unknown,unknown,100.0,1100.0,,,finished rolled,coil,"building and infrastructure, tools and machinery, transport",2132,2024-08-16 00:00:00,2023-08-11 00:00:00,no,BF; Steel other/unspecified; Iron other/unspecified,unknown,unknown,unknown,21.67261,109.741866,13.0,1200.0,21.6726100,109.7418660,POINT (109.741866 21.67261)
448,P100000120315,Hbis Laoting Steel Co Ltd,唐钢新区,,河钢乐亭钢铁有限公司(唐钢新区),HBIS Laoting Steel Co Ltd,河钢乐亭钢铁有限公司,E100000123169,unknown,Partial,HBIS Co Ltd [69.1%]; HBIS Group Co Ltd [7.7%]; Hebei Province Jicai Lndustryl Equity Lnvestment Fund Co Ltd [7.0%]; China Everbright Group Ltd [6.5%]; Gansu Provincial State-owned Assets Investment Group Co Ltd [3.0%]; Tangshan City Development Group Co Ltd [2.9%]; Gansu Financial Holding Group Co Ltd [2.0%]; unknown [0.9%]; Gansu Highway Aviation Tourism Investment Group Co Ltd [0.8%],E100000123542 [69.1%]; E100000124529 [7.7%]; E100000128826 [7.0%]; E100000128904 [6.5%]; E100000000189 [3.0%]; E100000124528 [2.9%]; E100000128905 [2.0%]; E100000132388 [0.9%]; E100000129075 [0.8%],unknown [69.1%]; 5000022648 [7.7%]; unknown [7.0%]; 5000038293 [6.5%]; 5000611771 [3.0%]; unknown [2.9%]; unknown [2.0%]; unknown [0.9%]; unknown [0.8%],"Economic Development Zone, laoting Couty, Tangshan City, Hebei Province",河北乐亭经济开发区,Tangshan,Hebei,China,Asia Pacific,"39.2578230, 119.0335670",exact,https://www.gem.wiki/Hbis_Laoting_Steel_Co_Ltd,6,unknown,unknown,2020,unknown,unknown,unknown,,5097.0,,3706.0,semi-finished,"billet, hot rolled",unknown,9613,2024-04-09 00:00:00,2024-04-09 00:00:00,no,BF; BOF; EAF,Rooftop Distributed Photovoltaic Power Generation,unknown,unknown,39.257823,119.033567,6.0,8803.0,39.2578230,119.0335670,POINT (119.033567 39.257823)
449,P100000121045,Hebei Anfeng Iron and Steel Co Ltd,河北安丰钢铁集团有限公司,,,Hebei Anfeng Iron & Steel Co Ltd,河北安丰钢铁集团有限公司,E100000123162,unknown,,Hebei Anfeng Iron & Steel Co Ltd [100.0%],E100000123162 [100.0%],unknown [100.0%],"Jing'an Town, Changli County, Qinhuangdao City, Hebei Province",河北省秦皇岛市昌黎县靖安镇,Qinhuangdao,Hebei,China,Asia Pacific,"39.6584900, 118.8948040",exact,https://www.gem.wiki/Hebei_Anfeng_Iron_and_Steel_Co_Ltd,24,unknown,unknown,2002,unknown,unknown,unknown,,,3900.0,2000.0,finished rolled,"cold rolled, coated, hot rolled","automotive, building and infrastructure, tools and machinery",5146,2025-09-30 00:00:00,2024-09-03 00:00:00,no,BF; BOF,unknown,unknown,unknown,39.65849,118.894804,24.0,5900.0,39.6584900,118.8948040,POINT (118.894804 39.65849)
450,P100000120135,Hebei Baoxin Iron and Steel Group Co Ltd,河北宝信钢铁集团有限公司,"Fengfeng Mining Area Baoxin Materials Co., Ltd., Fengfeng Mining Area Baoxin Steel Co., Ltd., Hebei Baoxin Steel Co., Ltd.","峰峰矿区宝信钢铁有限公司, 峰峰矿区宝信物资有限责任公司, 河北宝信钢铁有限公司",Hebei Baoxin Iron and Steel Group Co Ltd,河北宝信钢铁集团有限公司,E100000126822,unknown,,Hebei Baoxin Iron and Steel Group Co Ltd [100.0%],E100000126822 [100.0%],unknown [100.0%],"East of Nanbate Village, Fengfeng Mining District, Handan City, Hebei Province",河北省邯郸市峰峰矿区和村镇南八特村东,Handan,Hebei,China,Asia Pacific,"36.5552050, 114.1082730",exact,https://www.gem.wiki/Hebei_Baoxin_Iron_and_Steel_Group_Co_Ltd,19,unknown,unknown,2002,unknown,unknown,2021,,2000.0,,,unknown,unknown,unknown,unknown,no,no,no,BF; BOF,unknown,unknown,unknown,36.555205,114.108273,19.0,2000.0,36.5552050,114.1082730,POINT (114.108273 36.555205)
451,P100000120508,Hebei Bishi Central Java steel plant,,Hebei Bishi Kendal,,Hebei Bishi Industry Group Co Ltd,,E100000130944,5000910786,,Hebei Bishi Industry Group Co Ltd [100.0%],E100000130944 [100.0%],5000910786 [100.0%],"Kendal Regency, Central Java, Indonesia",,Kendal Regency,Central Java,Indonesia,Asia Pacific,"-6.8964260, 110.2202860",approximate,https://www.gem.wiki/Hebei_Bishi_Central_Java_steel_plant,unknown,2015,unknown,unknown,unknown,unknown,2019,,,2400.0,,unknown,unknown,unknown,unknown,unknown,unknown,no,BF; BOF; Iron other/unspecified; Steel other/unspecified,270MW captive power plant,unknown,unknown,-6.896426,110.220286,,2400.0,-6.8964260,110.2202860,POINT (110.220286 -6.896426)
459,P100000120117,Hebei Jinxi Iron and Steel Group Co Ltd,河北津西钢铁集团股份有限公司,"Hebei Jinxi Iron and Steel Co., Ltd.",河北津西钢铁股份有限公司,Hebei Jinxi Iron & Steel Group Co Ltd,河北津西钢铁集团股份有限公司,E100000123170,unknown,,Gold Geneses Development Ltd [57.2%]; FIRST GLORY SERVICES Ltd [38.0%]; unknown [4.8%],E100000126003 [57.2%]; E100000126002 [38.0%]; E100000132388 [4.8%],unknown [57.2%]; unknown [38.0%]; unknown [4.8%],"East of Santunying Town, Qianxi County, Tangshan City, Hebei Province",河北省唐山市迁西县三屯营镇东,Tangshan,Hebei,China,Asia Pacific,"40.2098440, 118.2205470",exact,https://www.gem.wiki/Hebei_Jinxi_Iron_and_Steel_Group_Co_Ltd,40,unknown,unknown,1986,unknown,unknown,unknown,,14840.0,,2000.0,finished rolled,"angle, piling, h-beam, channel","building and infrastructure, transport",5364,2025-06-30 00:00:00,2024-06-26 00:00:00,no,BF; BOF,Distributed Photovoltaic Power Generation,unknown,unknown,40.209844,118.220547,40.0,16840.0,40.2098440,118.2205470,POINT (118.220547 40.209844)
461,P100000120307,Hebei Mingbin Iron and Steel Co Ltd,河北铭镔钢铁有限公司,Hebei Wenan Iron and Steel Group Co Ltd,河北文安钢铁集团有限公司,Hebei New Wuan Steel Group Wenan IRON&STEEL Co Ltd,河北新武安钢铁集团文安钢铁有限公司,E100000127093,unknown,,natural person(s) [49.0%]; Hebei Puyang Industrial Group Co Ltd [33.2%]; Longxiang Group (Hong Kong) [17.8%],E100000123261 [49.0%]; E100000124068 [33.2%]; E100000126000 [17.8%],unknown [49.0%]; unknown [33.2%]; unknown [17.8%],"Nanminghe Industrial Park, Wu'an Industrial Park, Handan City, Hebei Province",河北省邯郸市武安市工业园区南洺河工业园,Handan,Hebei,China,Asia Pacific,"36.6314910, 113.9686350",exact,https://www.gem.wiki/Hebei_Mingbin_Iron_and_Steel_Co_Ltd,unknown,2021-12-01 00:00:00,2024,unknown,unknown,unknown,unknown,,2800.0,,1200.0,finished rolled,"wire rod, round bar, strip, hot rolled",unknown,unknown,unknown,unknown,no,BF; BOF,unknown,unknown,unknown,36.631491,113.968635,,4000.0,36.6314910,113.9686350,POINT (113.968635 36.631491)
462,P100000120113,Hebei Puyang Iron and Steel Co Ltd,河北新武安钢铁集团普阳钢铁有限公司,"Hebei Puyang Iron and Steel Group Co., Ltd., Hebei Puyang Metallurgical Casting Co., Ltd., Hebei Xinwu'an Iron and Steel Group Puyang Iron and Steel Co., Ltd.","河北普阳钢铁集团有限公司, 河北普阳冶金铸造有限公司, 河北普阳钢铁有限公司",Hebei Puyang Iron and Steel Co Ltd,河北普阳钢铁有限公司,E100000123171,unknown,,Hebei Puyang Industrial Group Co Ltd [65.0%]; Longxiang Group (Hong Kong) [35.0%],E100000124068 [65.0%]; E100000126000 [35.0%],unknown [65.0%]; unknown [35.0%],"East Village, Yangyi Town, Wu'an City, Handan City, Hebei Province",河北省邯郸市武安市阳邑镇村东,Handan,Hebei,China,Asia Pacific,"36.7336750, 113.9259950",exact,https://www.gem.wiki/Hebei_Puyang_Iron_and_Steel_Co_Ltd,34,unknown,unknown,1992,unknown,unknown,unknown,,9216.0,,1200.0,finished rolled,"galvanized, wire rod, plate, pipe, cold rolled, coil",building and infrastructure,6863,2022-12-22 00:00:00,2022-12-22 00:00:00,no,BF; BOF,"Self-Produced Gas Power Generation, 80MW Power Generation Project",unknown,unknown,36.733675,113.925995,34.0,10416.0,36.7336750,113.9259950,POINT (113.925995 36.733675)
466,P100000120328,Hebei Tangyin Iron and Steel Co Ltd Caofeidian base,河北唐银钢铁有限公司(曹妃甸),,,Hebei Tangyin IRON&STEEL Co Ltd,河北唐银钢铁有限公司,E100000123222,unknown,Partial,HBIS Group Co Ltd [51.0%]; Hebei Yinshui Industrial Group Co Ltd [49.0%],E100000124529 [51.0%]; E100000124065 [49.0%],5000022648 [51.0%]; unknown [49.0%],"Caofeidian Small and Medium-sized Enterprise Park, Tangshan City, Hebei Province",河北省唐山市曹妃甸中小企业园区,Tangshan,Hebei,China,Asia Pacific,"39.1604010, 118.4298060",exact,https://www.gem.wiki/Hebei_Tangyin_Iron_and_Steel_Co_Ltd_Caofeidian_base,20,unknown,unknown,2006,unknown,unknown,unknown,,5300.0,,1200.0,"semi-finished, finished rolled","structural, wire rod, strip, bar, billet, hot rolled",unknown,3696,2023-05-18 00:00:00,2023-05-18 00:00:00,no,BF; BOF,unknown,unknown,unknown,39.160401,118.429806,20.0,6500.0,39.1604010,118.4298060,POINT (118.429806 39.160401)
481,P100000120401,Hebei Zhangxuan High Tech Co Ltd,河北张宣高科科技有限公司,,张宣高科特材研制公司,Hbzx HIGH Tech Co Ltd,河北张宣高科科技有限公司,E100000126320,unknown,Full,HBIS Group Co Ltd [100.0%],E100000124529 [100.0%],5000022648 [100.0%],"No. 93, Xuanfu Street, Xuanhua District, Zhangjiakou City, Hebei Province",河北省张家口市宣化区宣府大街93号,Zhangjiakou,Hebei,China,Asia Pacific,"40.6079770, 115.0675160",approximate,https://www.gem.wiki/Hebei_Zhangxuan_High_Tech_Co_Ltd,3,2022-03-01 00:00:00,unknown,2023,unknown,unknown,unknown,,,518.0,66.0,unknown,unknown,unknown,2060,2024-07-01 00:00:00,2023-08-01 00:00:00,no,DRI; EAF,State Grid Zhangjiakou Power Supply Company,unknown,unknown,40.607977,115.067516,3.0,584.0,40.6079770,115.0675160,POINT (115.067516 40.607977)
483,P100000120157,Heilongjiang Jianlong Iron and Steel Co Ltd,黑龙江建龙钢铁有限公司,,,Heilongjiang Jianlong Iron and Steel Co Ltd,黑龙江建龙钢铁有限公司,E100000127072,unknown,,Beijing Jianlong Investment Co Ltd [90.2%]; unknown [9.8%],E100000000155 [90.2%]; E100000132388 [9.8%],unknown [90.2%]; unknown [9.8%],"No. 64 Shuangxuan Road, Lingdong District, Shuangyashan City, Heilongjiang Province",黑龙江省双鸭山市岭东区双选路64号,Shuangyashan,Heilongjiang,China,Asia Pacific,"46.6022970, 131.0718770",exact,https://www.gem.wiki/Heilongjiang_Jianlong_Iron_and_Steel_Co_Ltd,23,unknown,unknown,2003,unknown,unknown,unknown,,2240.0,1600.0,1600.0,finished rolled,"tube, rebar",unknown,3735,2024-08-21 00:00:00,2023-07-18 00:00:00,no,BF; BOF,unknown,unknown,unknown,46.602297,131.071877,23.0,5440.0,46.6022970,131.0718770,POINT (131.071877 46.602297)
497,P100000120857,Hmisho Steel Hassia plant,حميشو ستيل,EMAAR Industries,,Hmisho Steel SA,,E100000131113,unknown,,Hamsho International Co,E100002003618,5041755506,"Homs-Hisya Industrial Zone, Homs, Syria",,Homs-hisya Industrial Zone,Homs,Syria,Middle East,"34.3642580, 36.8038480",exact,https://www.gem.wiki/Hmisho_Steel_Hassia_plant,13,2005,unknown,2013,unknown,unknown,unknown,,,,300.0,semi-finished,billet,unknown,1000,unknown,unknown,no,BF; EAF,unknown,unknown,unknown,34.364258,36.803848,13.0,300.0,34.3642580,36.8038480,POINT (36.803848 34.364258)
498,P100000121015,Hoa Phat Dung Quat steel plant,Tuyển Dụng Thép Hòa Phát Dung Quất,Hefa Rongju Plant,Công ty CP Thép Hòa Phát Dung Quất,Hoa Phat Dung Quat Steel JSC,Công ty Cổ phần Thép Hòa Phát Hải Dương,E100000131044,5053943328,,Hoa Phat Group JSC [100.0%],E100000130846 [100.0%],4297921171 [100.0%],"Dung Quat Industrial Park, Quang Ngai, Vietnam",,Dung Quat Economic Zone,Quang Ngai,Vietnam,Asia Pacific,"15.3776800, 108.7933210",exact,https://www.gem.wiki/Hoa_Phat_Dung_Quat_steel_plant,9,2017-01-25 00:00:00,unknown,2017,unknown,unknown,unknown,,,2000.0,1800.0,finished rolled,"galvanized, coil, pipe, wire, hot rolled coil","automotive, building and infrastructure",13746,yes,unknown,no,BF; BOF,"residual heat, surplus coke oven gas",unknown,unknown,15.37768,108.793321,9.0,3800.0,15.3776800,108.7933210,POINT (108.793321 15.37768)
499,P100000121019,Hoa Phat Hai Duong Steel plant,,,,Hoa Phat Hai Duong Steel JSC,Thép Hòa Phát Hải Dương,E100000130919,5000048454,,Hoa Phat Group JSC [100.0%],E100000130846 [100.0%],4297921171 [100.0%],"Hiep Son Ward, Kinh Mon Town, Hai Duong Province, Hai Duong, Vietnam",,Kinh Mon Town,Hai Duong,Vietnam,Asia Pacific,"21.0153600, 106.5360230",exact,https://www.gem.wiki/Hoa_Phat_Hai_Duong_Steel_plant,19,unknown,2007-08-01 00:00:00,2007,unknown,unknown,unknown,,300.0,,,finished rolled,"galvanized, coil, pipe, wire",unknown,5489,yes,unknown,no,BF; BOF,114 MW Captive Power Plant,unknown,unknown,21.01536,106.536023,19.0,300.0,21.0153600,106.5360230,POINT (106.536023 21.01536)
501,P100000120552,Hospet Steels Hospet plant,,"HSL, Kalyani Steels",,Hospet Steels Ltd,,E100002004716,5000932160,,Kalyani Steels Ltd [61.0%]; Mukand Ltd [39.0%],E100000130701 [61.0%]; E100002007557 [39.0%],4295872493 [61.0%]; 4295872402 [39.0%],"Hospet, Kanakapur, Karnataka, India",,Hospet,Karnataka,India,Asia Pacific,"15.3390550, 76.2516960",exact,https://www.gem.wiki/Hospet_Steels_Hospet_plant,28,unknown,unknown,1998,unknown,unknown,unknown,,500.0,200.0,,"semi-finished, finished rolled","rounds, bar, billet","automotive, building and infrastructure, energy, steel packaging, tools and machinery, transport",1105,yes,unknown,no,BF; BOF; EAF; IF; DRI,unknown,unknown,unknown,15.339055,76.251696,28.0,700.0,15.3390550,76.2516960,POINT (76.251696 15.339055)
508,P100000120318,Hubei Jinshenglan Metallurgical Technology Co Ltd,湖北金盛兰冶金科技有限公司,,嘉鱼顺乐钢铁一期,Hubei Jinshenglan Metallurgical Technology Co Ltd,湖北金盛兰冶金科技有限公司,E100000123176,unknown,,natural person(s) [62.6%]; Yuncheng Investment (Fujian) Co Ltd [9.1%]; Fujian Yongxinqi Investment Co Ltd [6.8%]; Fujian Taisong Investment Co Ltd [4.9%]; Fujian Jinkun Investment Co Ltd [4.2%]; Fuzhou Deyu Investment Co Ltd [3.6%]; Fujian Qikun Investment Co Ltd [2.5%]; Fujian Hongyao Investment Co Ltd [2.4%]; Fujian Shunle Investment Co Ltd [1.9%]; unknown [1.9%],E100000123261 [62.6%]; E100000124849 [9.1%]; E100000124850 [6.8%]; E100000124851 [4.9%]; E100000124852 [4.2%]; E100000124853 [3.6%]; E100000124854 [2.5%]; E100000124855 [2.4%]; E100000124856 [1.9%]; E100000132388 [1.9%],unknown [62.6%]; unknown [9.1%]; unknown [6.8%]; unknown [4.9%]; unknown [4.2%]; unknown [3.6%]; unknown [2.5%]; unknown [2.4%]; unknown [1.9%]; unknown [1.9%],"Linjiang Industrial Park, Jiayu County, Xianning City, Hubei Province",湖北省咸宁市嘉鱼县临江产业园,Xianning,Hubei,China,Asia Pacific,"29.9167290, 113.8229210",exact,https://www.gem.wiki/Hubei_Jinshenglan_Metallurgical_Technology_Co_Ltd,10,unknown,unknown,2016,unknown,unknown,unknown,,3600.0,,1200.0,finished rolled,"structural, spring steel",unknown,3712,2023-07-10 00:00:00,2023-06-02 00:00:00,no,BF; BOF,unknown,unknown,unknown,29.916729,113.822921,10.0,4800.0,29.9167290,113.8229210,POINT (113.822921 29.916729)
514,P100000120178,Hunan Valin Xiangtan Iron and Steel Co Ltd,湖南华菱湘潭钢铁有限公司,,,Hunan Valin Lianyuan Iron and Steel Co Ltd,湖南华菱涟源钢铁有限公司,E100000123177,unknown,,Hunan Valin Steel Co Ltd [100.0%],E100000124129 [100.0%],unknown [100.0%],Gangcheng Road,湖南省湘潭市岳塘区钢城路,unknown,Hunan,China,Asia Pacific,"27.8141300, 112.8973770",exact,https://www.gem.wiki/Hunan_Valin_Xiangtan_Iron_and_Steel_Co_Ltd,68,unknown,unknown,1958,unknown,unknown,unknown,,14000.0,,,finished rolled,"bar, wire, plate",unknown,9432,2023-05-31 00:00:00,2023-05-31 00:00:00,no,BF; BOF,unknown,unknown,unknown,27.81413,112.897377,68.0,14000.0,27.8141300,112.8973770,POINT (112.897377 27.81413)
516,P100000120422,Hüttenwerke Krupp Mannesmann (HKM) steel plant,,"HKM, Glocke Duisburg",,Hüttenwerke Krupp Mannesmann GmbH,,E100000003277,4296098874,Partial,thyssenkrupp AG [40.0%]; Vallourec SA [20.0%]; EP Investment S.à r.l. [8.9%]; Tiliacordata Limited [1.1%]; Salzgitter AG,E100000004212 [40.0%]; E100001010324 [20.0%]; E100002021743 [8.9%]; E100002021744 [1.1%]; E100001010315,4295869754 [40.0%]; 4295867374 [20.0%]; unknown [8.9%]; unknown [1.1%]; 4295869182,"Hüttenwerke Krupp Mannesmann GmbH Ehinger Strasse 200, 47259 Duisburg, Germany",,Duisburg,North Rhine-Westphalia,Germany,Europe,"51.3712790, 6.7233100",exact,https://www.gem.wiki/Hüttenwerke_Krupp_Mannesmann_(HKM)_steel_plant,117,unknown,unknown,1909,unknown,unknown,unknown,,6000.0,1080.0,,"crude, semi-finished, finished rolled","coke, billet, pig iron, sinter, round bar, rolled, slab",unknown,3000,2024-06-22 00:00:00,2024-06-22 00:00:00,no,DRI; EAF; BF; BOF,unknown,unknown,unknown,51.371279,6.72331,117.0,7080.0,51.3712790,6.7233100,POINT (6.72331 51.371279)
528,P100000120806,IMH Tula steel plant,ПАО Тулачермет,"Tulaсhermet Steel (steel producer), Novotulsky Metallurgical Plant (predecessor), Tulachermet JSC, Promsort-Tula, PAO Tulaсhermet","Металлургический завод Тулачермет (Russian, crude iron only), ООО Тулачермет-Сталь (Russian, steel only), Тула-Сталь (Russian, steel only), Новотульский металлургический завод (НТМЗ) (Russian, predecessor), Тулачермет-Сталь (Russian, steel only), ЛПК (литейно-прокатный комплекс)",Promsort LLC,"ООО ""Промсорт""",E100001012220,5083831360,,natural person(s) [50.0%]; Sortoprokat-Tsentr LLC [49.0%]; small shareholder(s) [1.0%],E100000123261 [50.0%]; E100001016121 [49.0%]; E100001015587 [1.0%],unknown [50.0%]; unknown [49.0%]; unknown [1.0%],"Przhevalskogo street, 2, Tula, Russia, 300016","300016, Российская Федерация, Тульская область, Тула, ул. Пржевальского, д. 2",Tula,Tula,Russia,Eurasia,"54.1567260, 37.7255510",exact,https://www.gem.wiki/IMH_Tula_steel_plant,91,1931,1931,1935,unknown,unknown,unknown,,3400.0,,,"semi-finished, finished rolled","billet, wire rod, rebar, channel, angle",tools and machinery,4652,2022-09-05 00:00:00,2024-07-08 00:00:00,no,BF; BOF,Tulachermet PBS power station,KMAruda Korobkovskoye Gubkin Mine (P100000128717),unknown,54.156726,37.725551,91.0,3400.0,54.1567260,37.7255510,POINT (37.725551 54.156726)
531,P100000120182,Inner Mongolia BaoTou Steel Union Co Ltd,内蒙古包钢钢联股份有限公司,,,Inner Mongolia BaoTou Steel Union Co Ltd,内蒙古包钢钢联股份有限公司,E100000126357,unknown,,Inner Mongolia BaoTou Steel Union Co Ltd [100.0%],E100000126357 [100.0%],unknown [100.0%],unknown,内蒙古自治区包头市河西区,Baotou,Inner Mongolia,China,Asia Pacific,"40.6479970, 109.7408980",exact,https://www.gem.wiki/Inner_Mongolia_BaoTou_Steel_Union_Co_Ltd,26.64,unknown,unknown,1999-06-29 00:00:00,unknown,unknown,unknown,,,5810.0,,finished rolled,"tube, wire, profile, plate","building and infrastructure, transport",25519,no,no,no,BF; BOF,Combined Cycle Power Plant,unknown,"Inner Mongolia local and Shanxi Coking Coal Group, Shenhua Group, Ningmei Group, Wulan Group",40.647997,109.740898,26.64,5810.0,40.6479970,109.7408980,POINT (109.740898 40.647997)
544,P100000120560,Jai Balaji Durgapur Unit IV steel plant,,JBG Durgapur,,Jai Balaji Industries Ltd,,E100000130703,4295873993,,Jai Balaji Industries Ltd [100.0%],E100000130703 [100.0%],4295873993 [100.0%],"Vill – Banskopa, P.O – Rajbandh Durgapur – 713212, Burdwan, India",,Durgapur,West Bengal,India,Asia Pacific,"23.4830750, 87.3521890",exact,https://www.gem.wiki/Jai_Balaji_Durgapur_Unit_IV_steel_plant,17,2007-10-01 00:00:00,unknown,2009,unknown,unknown,unknown,,,350.0,,"crude, semi-finished, finished rolled","bar, pipe, billet, rounds, pig iron, DRI",unknown,unknown,unknown,unknown,no,BF; DRI; IF; EAF,70 MW CPP,unknown,unknown,23.483075,87.352189,17.0,350.0,23.4830750,87.3521890,POINT (87.352189 23.483075)
545,P100000120562,Jai Balaji Jyoti Steels Sundargarh plant,,,,Jai Balaji Jyoti Steels Ltd,,E100000130984,5037247687,,Jai Balaji Industries Ltd,E100000130703,4295873993,"Village-Tainser, Tehsil- Lathikata, District-Sundargarh, Odisha -770 037, India",,Tainser,Odisha,India,Asia Pacific,"22.0853380, 84.8618400",exact,https://www.gem.wiki/Jai_Balaji_Jyoti_Steels_Sundargarh_plant,23,unknown,unknown,2003,unknown,unknown,unknown,,,,1600.0,"crude, semi-finished, finished rolled","billet, wire rod, DRI, bar",unknown,650,unknown,unknown,no,DRI; IF; EAF,18 MW (State grid); 110 MW CPP (proposed),OMC mines / private mines in Barbil-Joda,"Mahanadi Coalfields, & other coal fields",22.085338,84.86184,23.0,1600.0,22.0853380,84.8618400,POINT (84.86184 22.085338)
546,P100001025922,Jai Balaji Rajbandh Unit III steel plant,,,,Jai Balaji Industries Ltd,,E100000130703,4295873993,,Jai Balaji Industries Ltd [100.0%],E100000130703 [100.0%],4295873993 [100.0%],unknown,,Banskopa,West Bengal,India,Asia Pacific,"23.4874390, 87.3694940",exact,https://www.gem.wiki/Jai_Balaji_Rajbandh_Unit_III_steel_plant,unknown,unknown,unknown,unknown,unknown,unknown,unknown,,908.0,,600.0,finished rolled,di pipe,unknown,unknown,unknown,unknown,no,BF; EAF,unknown,Barbil,unknown,23.487439,87.369494,,1508.0,23.4874390,87.3694940,POINT (87.369494 23.487439)
548,P100000120547,Jayaswal Neco Industries Raipur steel plant,,,,Jayaswal Neco Industries Ltd,,E100000120672,4295874276,,Jayaswal Neco Industries Ltd [100.0%],E100000120672 [100.0%],4295874276 [100.0%],"Siltara Growth Centre, Siltara, RAIPUR 493111, Chhattisgarh, India",,Raipur,Chhattisgarh,India,Asia Pacific,"21.3544950, 81.6764440",exact,https://www.gem.wiki/Jayaswal_Neco_Industries_Raipur_steel_plant,30,unknown,unknown,1996,unknown,unknown,unknown,,2800.0,1100.0,3000.0,"crude, semi-finished, finished rolled","bar, bloom, billet, pig iron, rolled, DRI",building and infrastructure,9503,expired,unknown,no,BF; DRI; EAF,"Five captive power plants, combined capacity of 60MW","Jayaswal Neco Metabodeli Mine (P100000128998), Jayaswal Neco Chhotedongar Mine (P100000129000), Dhobitola & Manegaon mine",Indian and imported,21.354495,81.676444,30.0,6900.0,21.3544950,81.6764440,POINT (81.676444 21.354495)
555,P100000120649,JFE West Japan Works (Fukuyama) steel plant,西日本製鉄所 福山地区,JFE - NKK Fukuyama,,JFE Steel Corp,ＪＦＥスチール株式会社,E100000003335,4295877328,,JFE Holdings Inc [100.0%],E100000000643 [100.0%],4295880726 [100.0%],"1 Kokan-cho, Fukuyama-shi, Hiroshima Pref. 721-8510 Japan",,Fukuyama,Hiroshima,Japan,Asia Pacific,"34.4652220, 133.4312050",exact,https://www.gem.wiki/JFE_West_Japan_Works_(Fukuyama)_steel_plant,61,unknown,unknown,1965,unknown,unknown,unknown,,,720.0,,"semi-finished, finished rolled","wire rod, rail, sheet, plate, coated, bar, pipe, piling, profile","automotive, building and infrastructure, energy, steel packaging, tools and machinery, transport",5730,yes,unknown,no,BF; BOF; DRI,unknown,"Australia, Brazil and India",unknown,34.465222,133.431205,61.0,720.0,34.4652220,133.4312050,POINT (133.431205 34.465222)
560,P100000120349,Jiangsu Delong Nickel Industry Co Ltd,江苏德龙镍业有限公司,,,Jiangsu Delong Nickel Industry Co Ltd,江苏德龙镍业有限公司,E100000126498,5074552962,,Jiangsu Delong Nickel Industry Co Ltd [100.0%],E100000126498 [100.0%],5074552962 [100.0%],Guanchao 2nd Road,江苏省盐城市响水县沿海经济开发区观潮二路,unknown,Jiangsu,China,Asia Pacific,"34.4434690, 119.8165740",exact,https://www.gem.wiki/Jiangsu_Delong_Nickel_Industry_Co_Ltd,15.55,unknown,unknown,2010-08-02 00:00:00,unknown,unknown,unknown,1000.0,,,,finished rolled,unknown,"building and infrastructure, tools and machinery, transport",3635,2023-12-22 00:00:00,2023-12-22 00:00:00,no,EAF,State Grid Jiangsu Electric Power,unknown,unknown,34.443469,119.816574,15.55,1000.0,34.4434690,119.8165740,POINT (119.816574 34.443469)
564,P100000120189,Jiangsu Shagang Group Huaigang Special Steel Co Ltd,江苏淮钢集团有限公司,"Nanjing Iron and Steel Group Jiangsu Huaigang Co., Ltd., Jiangsu Shagang Group Huaigang Special Steel Co., Ltd., Jiangsu Huaigang Group Co., Ltd.","江苏沙钢集团淮钢特钢有限公司, 南京钢铁集团江苏淮钢有限公司, 江苏沙钢集团淮钢特钢股份有限公司",Jiangsu Shagang Group Huaigang SPECIAL Steel Co Ltd,江苏沙钢集团淮钢特钢股份有限公司,E100000124018,unknown,,Jiangsu Shagang Co Ltd [63.8%]; Hengde International Co Ltd [13.6%]; Jiangsu Shagang Group Co Ltd [10.6%]; unknown [6.2%]; Zhangjiagang Free Trade Zone Runyuan Stainless Steel Trade Co Ltd [3.2%]; Ningbo Meishan Free Trade Port Jincheng Shazhou Equity Investment Co Ltd [2.6%],E100000124726 [63.8%]; E100000125940 [13.6%]; E100000122410 [10.6%]; E100000132388 [6.2%]; E100000124037 [3.2%]; E100000124038 [2.6%],unknown [63.8%]; unknown [13.6%]; unknown [10.6%]; unknown [6.2%]; unknown [3.2%]; unknown [2.6%],No.188 Xi'an South Road,江苏省淮安市清浦区西安南路188号,unknown,Jiangsu,China,Asia Pacific,"33.5660390, 118.9884420",exact,https://www.gem.wiki/Jiangsu_Shagang_Group_Huaigang_Special_Steel_Co_Ltd,56,unknown,unknown,1970,unknown,unknown,unknown,,4166.0,,,finished rolled,unknown,"automotive, energy, tools and machinery, transport",3836,expired,expired,no,BF; BOF; EAF,30MW Distributed Photovoltaic Power Generation,unknown,unknown,33.566039,118.988442,56.0,4166.0,33.5660390,118.9884420,POINT (118.988442 33.566039)
566,P100000120195,Jiangsu Shente Steel Co Ltd,溧阳新港制钢有限公司,"Liyang Xingang Steel Co., Ltd.",江苏申特钢铁有限公司,Jiangsu Shente Steel Corp,江苏申特钢铁有限公司,E100000127108,unknown,,Jiangsu Delong Nickel Industry Co Ltd [100.0%],E100000126498 [100.0%],5074552962 [100.0%],No. 288 Kunlun North Road,江苏省溧阳市昆仑北路288号,Liyang,Jiangsu,China,Asia Pacific,"31.4711230, 119.4859410",exact,https://www.gem.wiki/Jiangsu_Shente_Steel_Co_Ltd,18.43,unknown,unknown,2002-07-30 00:00:00,unknown,unknown,2021,,4000.0,1400.0,,"semi-finished, finished rolled","billet, rebar, wire, bar","building and infrastructure, transport",573,expired,expired,no,BF; BOF,unknown,unknown,unknown,31.471123,119.485941,18.43,5400.0,31.4711230,119.4859410,POINT (119.485941 31.471123)
569,P100000120198,Jiangsu Xugang Iron and Steel Group Co Ltd,江苏徐钢钢铁集团有限公司,"Xuzhou Zhongyuan Iron and Steel Industry Co., Ltd., Xuzhou Dongnan Iron and Steel Industry Co., Ltd.","徐州中原钢铁工业有限公司, 徐州东南钢铁工业有限公司",Jiangsu Xusteel Group Co Ltd,江苏徐钢钢铁集团有限公司,E100000126140,unknown,,Jiangsu Xusteel Group Co Ltd [100.0%],E100000126140 [100.0%],unknown [100.0%],National Highway 104,江苏省徐州市铜山区104国道,unknown,Jiangsu,China,Asia Pacific,"34.5770160, 117.3396380",exact,https://www.gem.wiki/Jiangsu_Xugang_Iron_and_Steel_Group_Co_Ltd,22.46,unknown,unknown,2003-09-05 00:00:00,unknown,unknown,unknown,,,1200.0,,"semi-finished, finished rolled","billet, rebar, wire, bar","building and infrastructure, tools and machinery",3062,2022-08-05 00:00:00,2024-04-08 00:00:00,no,BF; BOF,Photovoltaic Power Generation,unknown,unknown,34.577016,117.339638,22.46,1200.0,34.5770160,117.3396380,POINT (117.339638 34.577016)
572,P100000120205,Jiangyin Huaxi Iron and Steel Co Ltd,江阴华西钢铁有限公司,,,Jiangyin Huaxi Steel Co Ltd,江阴华西钢铁有限公司,E100000126810,unknown,Partial,Wuxi Zhongbang Equity Investment Partnership LP [77.8%]; Jiangsu Huaxi Group Co Ltd [22.2%],E100000128531 [77.8%]; E100000128532 [22.2%],unknown [77.8%]; unknown [22.2%],Huaxi Industrial Park,江苏省无锡市江阴市华士镇华西工业园区,Huashi,Jiangsu,China,Asia Pacific,"31.8164820, 120.4243470",exact,https://www.gem.wiki/Jiangyin_Huaxi_Iron_and_Steel_Co_Ltd,23.39,unknown,unknown,2002-09-29 00:00:00,unknown,unknown,unknown,,1850.0,,,finished rolled,spring steel,"building and infrastructure, tools and machinery, transport",1356,2023-08-04 00:00:00,2025-08-02 00:00:00,no,BF; BOF,unknown,unknown,unknown,31.816482,120.424347,23.39,1850.0,31.8164820,120.4243470,POINT (120.424347 31.816482)
576,P100000120158,Jianlong Xilin Iron and Steel Co Ltd,西林钢铁集团有限公司,"Xilin Iron and Steel Group Co., Ltd.",建龙西林钢铁有限公司,Jianlong Xilin Iron and Steel Co Ltd,建龙西林钢铁有限公司,E100000127058,unknown,,Beijing Jianlong Investment Co Ltd [87.6%]; unknown [12.4%],E100000000155 [87.6%]; E100000132388 [12.4%],unknown [87.6%]; unknown [12.4%],"Xinxing Street, Xilin District, Yichun City, Heilongjiang Province",黑龙江省伊春市西林区新兴大街,Yichun,Heilongjiang,China,Asia Pacific,"47.4950360, 129.2879190",exact,https://www.gem.wiki/Jianlong_Xilin_Iron_and_Steel_Co_Ltd,60,unknown,unknown,1966,unknown,unknown,unknown,,,1400.0,,finished rolled,"wire rod, rail, bar, rounds, hot rolled, angle",unknown,4573,2025-09-12 00:00:00,2023-10-20 00:00:00,no,BF; BOF,unknown,unknown,unknown,47.495036,129.287919,60.0,1400.0,47.4950360,129.2879190,POINT (129.287919 47.495036)
586,P100000120543,Jindal Stainless Jajpur steel plant,,JSL,,Jindal Stainless Ltd,,E100000120686,4295873341,,Jindal Stainless Ltd [100.0%],E100000120686 [100.0%],4295873341 [100.0%],"Kalinga Nagar Industrial Complex, Duburi Dist., Jajpur- 755 026, Orissa, India",,Kalinganagar,Odisha,India,Asia Pacific,"20.9549390, 86.0519860",exact,https://www.gem.wiki/Jindal_Stainless_Jajpur_steel_plant,15,2003,unknown,2011,unknown,unknown,unknown,250.0,,430.0,,"semi-finished, finished rolled","slab, coil, plate","automotive, building and infrastructure, energy, steel packaging, tools and machinery, transport",1095,yes,yes,no,BF; EAF; IF,2x 125 MW CPP,Barbil/Joda/open market,JCL,20.954939,86.051986,15.0,680.0,20.9549390,86.0519860,POINT (86.051986 20.954939)
588,P100000120515,Jindal Steel Angul steel plant,,JSPL Angul steel plant (formerly),,Jindal Steel Limited Ltd,,E100001000439,4295874065,,Jindal Steel Limited Ltd [100.0%],E100001000439 [100.0%],4295874065 [100.0%],"Chhendipada Road, SH-63, Jindal Nagar, Angul, Odisha 759111, India",,Angul,Odisha,India,Asia Pacific,"20.8848960, 84.9915390",exact,https://www.gem.wiki/Jindal_Steel_Angul_steel_plant,13,unknown,unknown,2013,unknown,unknown,unknown,,5000.0,,,"semi-finished, finished rolled","bar, plate","automotive, building and infrastructure, energy, transport",unknown,expired,unknown,no,BF; BOF; DRI; EAF,"Angul Steel power station, a 810 MW captive power plant",JSPL TRB Mine (P100000128505),"Mozambique, Australia and Canada",20.884896,84.991539,13.0,5000.0,20.8848960,84.9915390,POINT (84.991539 20.884896)
589,P100000121173,Jindal Steel Asanboni steel plant,,JSPL Asanboni Steel Plant (formerly),,Jindal Steel Limited Ltd,,E100001000439,4295874065,,Jindal Steel Limited Ltd [100.0%],E100001000439 [100.0%],4295874065 [100.0%],"Asanboni, Narayanpur, East Singhbhum, Jharkhand, India",,Asanboni,Jharkhand,India,Asia Pacific,"24.1310370, 87.4387280",approximate,https://www.gem.wiki/Jindal_Steel_Asanboni_steel_plant,unknown,2005,unknown,unknown,unknown,unknown,unknown,,10000.0,3600.0,4500.0,finished rolled,rebar,unknown,unknown,unknown,unknown,no,BF; BOF,"CPP, 1320 MW Godda thermal power plant",unknown,unknown,24.131037,87.438728,,18100.0,24.1310370,87.4387280,POINT (87.438728 24.131037)
592,P100000120542,Jindal Steel Patratu steel plant,,"JSPL Balkudra steel plant, JSPL Patratu steel plant (formerly)",,Jindal Steel Limited Ltd,,E100001000439,4295874065,,Jindal Steel Limited Ltd [100.0%],E100001000439 [100.0%],4295874065 [100.0%],"Jharkhand State Highway 2, Patratu, Jharkhand 829143, India",,Patratu,Jharkhand,India,Asia Pacific,"23.6329910, 85.3253080",exact,https://www.gem.wiki/Jindal_Steel_Patratu_steel_plant,unknown,2007,unknown,unknown,unknown,unknown,unknown,,6000.0,1900.0,5000.0,semi-finished,"wire rod, bar",unknown,unknown,unknown,unknown,no,BF; BOF,1320 MW captive power plant,unknown,unknown,23.632991,85.325308,,12900.0,23.6329910,85.3253080,POINT (85.325308 23.632991)
593,P100000120516,Jindal Steel Raigarh steel plant,,JSPL Raigarh steel plant (formerly),,Jindal Steel Limited Ltd,,E100001000439,4295874065,,Jindal Steel Limited Ltd [100.0%],E100001000439 [100.0%],4295874065 [100.0%],"JSPL Post Box No. 16, Kharsia Road, Raigarh, Chhattisgarh 496001, India",,Raigarh,Chhattisgarh,India,Asia Pacific,"21.9227030, 83.3471780",exact,https://www.gem.wiki/Jindal_Steel_Raigarh_steel_plant,37,unknown,unknown,1989,unknown,unknown,unknown,60.0,2850.0,800.0,,"semi-finished, finished rolled","billet, coil, rail, beam","building and infrastructure, transport",2652,yes,yes,no,BF; DRI; EAF; BOF,"Dongamahua Captive Power Plant; 354 MW captive power plant at Raigarh and 540 MW captive power plant at Dongamauhu, district Raigarh, Chhattisgarh.",Iron ore in Orissa - not clear if it's captive,Australia,21.922703,83.347178,37.0,3710.0,21.9227030,83.3471780,POINT (83.347178 21.922703)
595,P100000120132,Jinding Heavy Industry Co Ltd,金鼎重工股份有限公司,"Jinding Steel Group, Hebei Iron and Steel Group Jinding Heavy Industry Co., Ltd., Jinding Heavy Industry Co., Ltd.","河北钢铁集团金鼎重工股份有限公司, 金鼎重工有限公司, 金鼎钢铁集团",Jinding Heavy Industries Co Ltd,金鼎重工有限公司,E100000126942,unknown,,CSCEC Rongdong Investment Holding Co Ltd [90.0%]; Fang TongZhou Holding Co Ltd [8.0%]; unknown [2.0%],E100000128793 [90.0%]; E100000128301 [8.0%]; E100000132388 [2.0%],unknown [90.0%]; unknown [8.0%]; unknown [2.0%],"Qinglongshan Industrial Park, Wu'an Industrial Park, Handan City, Hebei Province",河北省邯郸市武安工业园区青龙山工业园,Handan,Hebei,China,Asia Pacific,"36.7189520, 114.1116770",exact,https://www.gem.wiki/Jinding_Heavy_Industry_Co_Ltd,31,unknown,unknown,1995,unknown,unknown,unknown,,6000.0,,,finished rolled,"wire, plate","building and infrastructure, tools and machinery",2656,2024-10-22 00:00:00,2024-10-22 00:00:00,no,BF; BOF,unknown,unknown,unknown,36.718952,114.111677,31.0,6000.0,36.7189520,114.1116770,POINT (114.111677 36.718952)
603,P100000120083,Jiugang Group Yuzhong Iron and Steel Co Ltd,酒钢集团榆中钢铁有限责任公司,Jiuquan Iron and Steel Group,,Jiugang Group Yuzhong Iron & Steel Co Ltd,酒钢集团榆中钢铁有限责任公司,E100000126330,unknown,,Gansu Jiu Steel Group Hongxing Iron and Steel Co Ltd [100.0%],E100000127239 [100.0%],unknown [100.0%],"Laizibao Township, Yuzhong County, Lanzhou City, Gansu Province",甘肃省兰州市榆中县来紫堡乡,Lanzhou,Gansu,China,Asia Pacific,"36.0336460, 104.0355350",exact,https://www.gem.wiki/Jiugang_Group_Yuzhong_Iron_and_Steel_Co_Ltd,23,unknown,unknown,2003,unknown,unknown,unknown,,2255.0,373.0,,finished rolled,"wire rod, rebar",unknown,2097,no,2024-12-11 00:00:00,no,BF; BOF,State Grid Gansu Lanzhou Power Supply Company,unknown,unknown,36.033646,104.035535,23.0,2628.0,36.0336460,104.0355350,POINT (104.035535 36.033646)
607,P100001044907,JSOL Angul steel plant,,,,Jindal Steel Odisha Ltd,,E100002004867,5083803719,,Jindal Steel Limited Ltd [100.0%],E100001000439 [100.0%],4295874065 [100.0%],unknown,,Jindal Nagar,Odisha,India,Asia Pacific,"20.8747130, 84.9440820",exact,https://www.gem.wiki/JSOL_Angul_steel_plant,0.47,2021,unknown,2025-09-01 00:00:00,unknown,unknown,unknown,,11500.0,5170.0,26000.0,finished rolled,wire rod,unknown,9400,unknown,unknown,no,BF; BOF; DRI; EAF,550 MW Gas-fired CPP,JSPL TRB Mine (P100000128505),"Mozambique, Australia and Canada",20.874713,84.944082,0.47,42670.0,20.8747130,84.9440820,POINT (84.944082 20.874713)
610,P100000120510,JSW BPSL Jharsuguda steel plant,,"Bhushan Power and Steel (BPSL), JSW Odisha steel plant",,JSW Steel Ltd,,E100001000516,4295872888,Partial,JSW Steel Ltd [100.0%],E100001000516 [100.0%],4295872888 [100.0%],"Thelkoloi, Lapanga PO",,Thelkoloi,Odisha,India,Asia Pacific,"21.7639890, 84.0225290",exact,https://www.gem.wiki/JSW_BPSL_Jharsuguda_steel_plant,21,unknown,unknown,2005,unknown,unknown,unknown,,,950.0,3500.0,"crude, semi-finished, finished rolled","wire rod, sheet, pipe, billet, coil, pig iron, rounds, hot rolled, DRI","automotive, building and infrastructure, energy, steel packaging, tools and machinery",929,yes,unknown,no,BF; DRI; EAF; Steel other/unspecified,Captive power plant (506 MW). Excess power generated is sold thorugh state power grid.,Netrabandha iron ore mine,Indian and imported from South Africa,21.763989,84.022529,21.0,4450.0,21.7639890,84.0225290,POINT (84.022529 21.763989)
614,P100000120517,JSW Steel Dolvi steel plant,,Dolvi Works,,JSW Steel Ltd,,E100001000516,4295872888,Partial,JSW Steel Ltd [100.0%],E100001000516 [100.0%],4295872888 [100.0%],"Dharamtar, Taluka Pen, Dolvi, Maharashtra 402107, India",,Dolvi,Maharashtra,India,Asia Pacific,"18.6903120, 73.0359020",exact,https://www.gem.wiki/JSW_Steel_Dolvi_steel_plant,32,unknown,unknown,1994,unknown,unknown,unknown,,5100.0,3000.0,8000.0,"semi-finished, finished rolled","galvanized, wire rod, bar, cold rolled, special, hot rolled","automotive, building and infrastructure, energy, steel packaging, tools and machinery, transport",929,yes,unknown,2028-02-17 00:00:00,BF; BOF; DRI; Steel other/unspecified,55 MW power plant (2013); 300 MW CPP,Anglo American Mines at Brazil,China,18.690312,73.035902,32.0,16100.0,18.6903120,73.0359020,POINT (73.035902 18.690312)
616,P100000120520,JSW Steel Jharkhand steel plant,,JSW Steel Ranchi,,JSW Jharkhand Steel Ltd,,E100001000524,5036161012,Partial,JSW Steel Ltd [100.0%],E100001000516 [100.0%],4295872888 [100.0%],"Sonahatu, Ranchi, Jharkhand, India",,Ranchi,Jharkhand,India,Asia Pacific,"23.1881080, 85.7150970",approximate,https://www.gem.wiki/JSW_Steel_Jharkhand_steel_plant,0,2005,unknown,2026,unknown,unknown,unknown,,15600.0,6000.0,8000.0,unknown,unknown,unknown,unknown,unknown,unknown,no,BF; BOF; DRI,900 MW Captive Power Plant,unknown,unknown,23.188108,85.715097,0.0,29600.0,23.1881080,85.7150970,POINT (85.715097 23.188108)
618,P100000120536,JSW Steel Raigarh steel plant,,"JSW Ispat Special Products Raigarh steel plant (formerly), JISPL Raigarh, Monnet Ispat & Energy Limited Raigarh",,JSW Ispat Special Products Ltd,,E100000120868,4295873687,,JSW Ispat Special Products Ltd [100.0%],E100000120868 [100.0%],4295873687 [100.0%],"Village & Post - Naharpalli, Tehsil - Kharsia, Raigarh 496661, Chhattisgarh, India",,Raigarh,Chhattisgarh,India,Asia Pacific,"21.9837090, 83.2381330",exact,https://www.gem.wiki/JSW_Steel_Raigarh_steel_plant,18,unknown,unknown,2008,unknown,unknown,unknown,220.0,960.0,,2200.0,"semi-finished, finished rolled","rebar, pellets, plate, sponge iron, billet, pig iron, hot rolled, profile","automotive, building and infrastructure, tools and machinery, transport",1052,yes,unknown,no,BF; DRI; EAF,Captive power plant (174 MW),JSWSL's mines,imports,21.983709,83.238133,18.0,3380.0,21.9837090,83.2381330,POINT (83.238133 21.983709)
619,P100000120518,JSW Steel Salem steel plant,,,,JSW Steel Ltd,,E100001000516,4295872888,Partial,JSW Steel Ltd [100.0%],E100001000516 [100.0%],4295872888 [100.0%],"Pottaneri, M. Kalipatti Village, Salem, Tamil Nadu 636453, India",,Pottaneri,Tamil Nadu,India,Asia Pacific,"11.8149120, 77.9184650",exact,https://www.gem.wiki/JSW_Steel_Salem_steel_plant,28,1991,1996,1998,unknown,unknown,unknown,,1235.0,500.0,,"semi-finished, finished rolled","wire rod, square, bar, coil, flat, hot rolled","automotive, building and infrastructure, energy, steel packaging, tools and machinery, transport",929,yes,yes,2028-02-17 00:00:00,BF; BOF,3x 30MW CPP (More than 70% of captive power generation through waste heat),Captive mines in Odisha (unknown what percentage comes from here),Imported,11.814912,77.918465,28.0,1735.0,11.8149120,77.9184650,POINT (77.918465 11.814912)
621,P100000120519,JSW Steel Vijayanagar steel plant,,"JSW Steel Toranagallu, JVSL, Vijayanagar Works, JSW Karnataka steel plant",,JSW Steel Ltd,,E100001000516,4295872888,Partial,JSW Steel Ltd [100.0%],E100001000516 [100.0%],4295872888 [100.0%],"Sandur Taluk, Vijyanagar Post, Bellary, Toranagallu, Karnataka 583275, India",,Toranagallu,Karnataka,India,Asia Pacific,"15.1804230, 76.6631340",exact,https://www.gem.wiki/JSW_Steel_Vijayanagar_steel_plant,32,unknown,unknown,1994,unknown,unknown,unknown,,12950.0,6500.0,9200.0,"semi-finished, finished rolled","galvanized, wire rod, bar, cold rolled, special, hot rolled",building and infrastructure,929,yes,unknown,2028-02-17 00:00:00,BF; BOF; DRI; EAF; Iron other/unspecified; Steel other/unspecified,"JSW Vijayanagar Toranagallu power station; 860MW power plant in Vijaynagar consisting of 2 130MW units in SBU I (2000) and 2 300MW units in SBU II (2009), 76 MW captive power plant. Also recycles 96% of coke oven gas for power generation.",Captive mines in Odisha and Karnataka,unknown,15.180423,76.663134,32.0,28650.0,15.1804230,76.6631340,POINT (76.663134 15.180423)
622,P100000120539,JSW Utkal Steel Rajnagar plant,,JUSL,,JSW Utkal Steel Ltd,,E100001000528,5073682427,Partial,JSW Steel Ltd [100.0%],E100001000516 [100.0%],4295872888 [100.0%],"Nuagaon, Dhinkia and Gadakujung panchayats",,Rajnagar,Odisha,India,Asia Pacific,"20.2166670, 86.5500000",approximate,https://www.gem.wiki/JSW_Utkal_Steel_Rajnagar_plant,0,2017-09-27 00:00:00,2023-03-17 00:00:00,2026,unknown,unknown,unknown,,5775.0,3000.0,16000.0,"semi-finished, finished rolled","wire rod, rebar, sheet, sections, plate, strip, electrical, coil",unknown,unknown,unknown,unknown,no,BF; BOF; DRI,"JSW Utkal Steel power station Unit 1 - G115666, L104954 (300 MW)","Joda-Barbil, Koira and Nayagarh mines","Imports possibly from Mozambique, Australia and Canada",20.216667,86.55,0.0,24775.0,20.2166670,86.5500000,POINT (86.55 20.216667)
623,P100000120538,JSW Vijayanagar Metallics steel plant,,"VML, JVML",,JSW Vijayanagar Metallics Ltd,,E100001000529,5080153250,Partial,JSW Steel Ltd [100.0%],E100001000516 [100.0%],4295872888 [100.0%],"Sandur Taluk, Vijyanagar Post, Bellary, Toranagallu, Karnataka 583275, India",,Toranagallu,Karnataka,India,Asia Pacific,"15.2031760, 76.6591220",approximate,https://www.gem.wiki/JSW_Vijayanagar_Metallics_steel_plant,2,2019-12-24 00:00:00,2022-01-07 00:00:00,2024,unknown,unknown,unknown,,5750.0,,,finished rolled,hot rolled,unknown,990,unknown,unknown,no,BF; BOF,unknown,unknown,unknown,15.203176,76.659122,2.0,5750.0,15.2031760,76.6591220,POINT (76.659122 15.203176)
625,P100001025631,Kalyani Steels Dhenkanal steel plant,,,,Kalyani Steels Ltd,,E100000130701,4295872493,,Kalyani Steels Ltd [100.0%],E100000130701 [100.0%],4295872493 [100.0%],unknown,,unknown,Odisha,India,Asia Pacific,"20.6018190, 85.5946530",approximate,https://www.gem.wiki/Kalyani_Steels_Dhenkanal_steel_plant,0,2024-02-01 00:00:00,unknown,2026,unknown,unknown,unknown,,2400.0,780.0,,finished rolled,unknown,"automotive, energy",unknown,unknown,unknown,no,BF; BOF; EAF; IF,unknown,unknown,unknown,20.601819,85.594653,0.0,3180.0,20.6018190,85.5946530,POINT (85.594653 20.601819)
628,P100001062093,Kapila Metals Jalna steel plant,,,,Kapila Metals Pvt Ltd,,E100002019750,unknown,,Kapila Metals Pvt Ltd [100.0%],E100002019750 [100.0%],unknown [100.0%],unknown,,unknown,Maharashtra,India,Asia Pacific,"19.874223, 75.817553",exact,https://www.gem.wiki/Kapila_Metals_Jalna_steel_plant,unknown,2011,unknown,unknown,unknown,unknown,unknown,,,,2000.0,unknown,"billet, bar",unknown,unknown,unknown,unknown,no,DRI; IF,51 MW power plant,unknown,unknown,19.874223,75.817553,,2000.0,19.874223,75.817553,POINT (75.817553 19.874223)
631,P100000120877,Kardemir Merkez steel plant,KARDEMİR KARABÜK DEMİR ÇELİK SAN. ve TİC.A.Ş.,"Karabük Demir Çelik Fabrikaları, Karabük Iron and Steel Works",,Kardemir Karabuk Demir Çelik Sanayi Ve Ticaret AŞ,,E100001000598,4295893561,,Kardemir Karabuk Demir Çelik Sanayi Ve Ticaret AŞ [100.0%],E100001000598 [100.0%],4295893561 [100.0%],"Fabrika Sahası 78170 Merkez, Karabük, Türkiye",,Merkez,Karabük,Türkiye,Europe,"41.1803070, 32.6343430",exact,https://www.gem.wiki/Kardemir_Merkez_steel_plant,86.44,unknown,unknown,1939-09-10 00:00:00,unknown,unknown,unknown,,3750.0,1170.0,,"semi-finished, finished rolled","wire rod, rail, rebar, coke, bar, bloom, billet, pig iron, round bar, slag, angle, beam, profile","automotive, building and infrastructure, energy, tools and machinery, transport",4176,2025-05-21 00:00:00,2025-05-23 00:00:00,no,BF; BOF,Kardemir Karabük Demir Çelik power station (G105557); 3.3 kw main power distribution center,domestic iron ore mines,unknown,41.180307,32.634343,86.44,4920.0,41.1803070,32.6343430,POINT (32.634343 41.180307)
636,P100000120582,Khorasan Steel Complex,مجتمع فولاد خراسان,KSCCO,,Khorasan Steel Complex Co,شرکت مجتمع فولاد خراسان,E100001010258,5001102884,Full,Iranian Mines & Mining Industries Development & Renovation Organization [100.0%],E100000000547 [100.0%],5000935267 [100.0%],"Neishabur-Firouzeh Road, Razavi Khorasan Province, Iran",,Nishapur,Razavi Khorasan,Iran,Middle East,"36.3445000, 58.6787500",exact,https://www.gem.wiki/Khorasan_Steel_Complex,25,unknown,unknown,2001,unknown,unknown,unknown,,,,2500.0,"crude, semi-finished","billet, HBI, DRI, rebar",building and infrastructure,5000,yes,yes,no,DRI; EAF,unknown,Sangan Iron Ore mine (P100000128560),,36.3445,58.67875,25.0,2500.0,36.3445000,58.6787500,POINT (58.67875 36.3445)
638,P100000120583,Khouzestan Steel plant,مجتمع فولاد اهواز,KSC,شرکت فولاد خوزستان,Khouzestan Steel Co,,E100001010257,5001102885,Full,Iranian Mines & Mining Industries Development & Renovation Organization,E100000000547,5000935267,"Ahvaz, Khouzestan Province, Iran",,Ahvaz,Khouzestan,Iran,Middle East,"31.2700910, 48.7329040",exact,https://www.gem.wiki/Khouzestan_Steel_plant,37,unknown,unknown,1989,unknown,unknown,unknown,,,,6200.0,semi-finished,"bloom, slab, billet",unknown,7411,yes,yes,no,DRI; EAF,"500 MW gas fired power plant (expected to start operating in 2024); 600 mwh solar farm (currently in its 2nd phase of construction, to be completed by end of 2026)",unknown,,31.270091,48.732904,37.0,6200.0,31.2700910,48.7329040,POINT (48.732904 31.270091)
639,P100001045284,KIC Metaliks Durgapur steel plant,,,,KIC Metaliks Ltd,,E100002007981,4295873610,,KIC Metaliks Ltd [100.0%],E100002007981 [100.0%],4295873610 [100.0%],Raturia Industrial Area,,Durgapur,West Bengal,India,Asia Pacific,"23.5075390, 87.2779140",exact,https://www.gem.wiki/KIC_Metaliks_Durgapur_steel_plant,28.05,unknown,unknown,1998-02-01 00:00:00,unknown,unknown,unknown,,360.0,,,unknown,unknown,unknown,421,unknown,unknown,no,BF; DRI; EAF; IF,4.7 MW WHRB CPP,unknown,unknown,23.507539,87.277914,28.05,360.0,23.5075390,87.2779140,POINT (87.277914 23.507539)
642,P100000120596,Kish South Kaveh Steel Hormuzgan plant,شرکت فولاد کاوه جنوب کیش,"Kish South Kaveh Steel Company, SKS Steel Company",,Kish South Kaveh Steel Co,,E100000131118,unknown,,Kish South Kaveh Steel Co [100.0%],E100000131118 [100.0%],unknown [100.0%],"Bandar Abbas, Iran",,Bandar Abbas,Hormuzgan,Iran,Middle East,"27.1696960, 56.0952070",exact,https://www.gem.wiki/Kish_South_Kaveh_Steel_Hormuzgan_plant,15,unknown,unknown,2011,unknown,unknown,unknown,,,,5000.0,"crude, semi-finished","ingot, billet, DRI, sponge iron, bloom",unknown,1000,2024-06-11 00:00:00,unknown,no,DRI; EAF,"Combined Cycle Power Plant (500 mW for phase 1, built by Southeast Saba Power Generation Company)",unknown,,27.169696,56.095207,15.0,5000.0,27.1696960,56.0952070,POINT (56.095207 27.169696)
644,P100000120655,Kobe Kakogawa Works steel plant,,Kabushiki Gaisha Kobe Seikosho Kakogawa Works,,Kobe Steel Ltd,株式会社神戸製鋼所,E100000000647,4295877348,,Kobe Steel Ltd [100.0%],E100000000647 [100.0%],4295877348 [100.0%],"1, Kanazawacho, 675-0137, Japan",,Kakogawa,Hyogo,Japan,Asia Pacific,"34.7202680, 134.8262750",exact,https://www.gem.wiki/Kobe_Kakogawa_Works_steel_plant,56,unknown,unknown,1970,unknown,unknown,unknown,,6132.0,2500.0,4015.0,"semi-finished, finished rolled","wire rod, sheet, plate, hot rolled, cold rolled, galvanized sheet","automotive, building and infrastructure, tools and machinery, transport",2505,2024-06-01 00:00:00,unknown,no,BF; BOF; DRI; EAF,in house power plant,"Australia, Brazil, India","Australia, Canada, USA",34.720268,134.826275,56.0,12647.0,34.7202680,134.8262750,POINT (134.826275 34.720268)
651,P100000120502,KS Posco Cilegon steel plant,,Krakatau POSCO,,PT Krakatau Posco,,E100001010135,5034844796,Partial,POSCO Holdings Inc [50.0%]; PT Krakatau Steel (Persero) Tbk [50.0%],E100000000953 [50.0%]; E100001010136 [50.0%],4295881204 [50.0%]; 4296394093 [50.0%],"Jl. Afrika No.2, Cilegon, Banten 42443, Indonesia",,Cilegon,Banten,Indonesia,Asia Pacific,"-5.9986610, 105.9986600",exact,https://www.gem.wiki/KS_Posco_Cilegon_steel_plant,12.14,2009,2010-10-28 00:00:00,2013-12-29 00:00:00,unknown,unknown,unknown,,,1320.0,,"crude, semi-finished","slab, pig iron, cast iron, plate","automotive, building and infrastructure, transport",2746,yes,no,no,BF; BOF,"200 MW Captive power plant; commissioned 1.6GW solar plant,",unknown,unknown,-5.998661,105.99866,12.14,1320.0,-5.9986610,105.9986600,POINT (105.99866 -5.998661)
665,P100000120823,Lebedinsky GOK DRI Plant,ЛГОК,LGOK HBI,"Лебединский ГОК, Лебединский горно-обогатительный комбинат",Lebedinskiy GOK JSC,АО «Лебединский ГОК»,E100000130933,5000075458,,YueSeM Holding Company LLC,E100000131085,5079214447,"Promzona, Gubkin-11, Gubkin, Belgorod Oblast, Russia, 309191","309191, Российская Федерация, Белгородская область, г. Губкин, промышленная зона Промплощадка Лгока",Gubkin,Belgorod,Russia,Eurasia,"51.2619950, 37.6546220",exact,https://www.gem.wiki/Lebedinsky_GOK_DRI_Plant,55,unknown,1967,1971,unknown,unknown,unknown,,22063.0,,8968.0,crude,"HBI, pellets",unknown,9459,2023-02-02 00:00:00,yes,no,DRI,own power source,Lebedinskiy and Stoylo-Lebedinskiy mines of the Kursk Magnetic Anomaly,unknown,51.261995,37.654622,55.0,31031.0,51.2619950,37.6546220,POINT (37.654622 51.261995)
669,P100000120192,Lianfeng Steel Zhangjiagang Co Ltd,联峰钢铁(张家港)有限公司,,江苏永钢集团有限公司,Lianfeng Steel (Zhangjiagang) Co Ltd,联峰钢铁（张家港）有限公司,E100000126766,unknown,,"Sirida (Hong Kong) Group Co Ltd [42.7%]; Zhangjiagang Yongrun Investment Development Co Ltd [18.5%]; Suzhou Yongyuan Holding Co Ltd [14.5%]; Yonglian Village Stock Economic Cooperative, Nanfeng Town, Zhangjiagang City [9.3%]; unknown [4.3%]; Hengde International Co Ltd [3.4%]; Zhangjiagang Yongfeng Investment Development Co Ltd [3.2%]; Jiangsu Shagang Group Co Ltd [2.7%]; Zhangjiagang Free Trade Zone Runyuan Stainless Steel Trade Co Ltd [0.8%]; Ningbo Meishan Free Trade Port Jincheng Shazhou Equity Investment Co Ltd [0.6%]",E100000130645 [42.7%]; E100000128818 [18.5%]; E100000128947 [14.5%]; E100000130337 [9.3%]; E100000132388 [4.3%]; E100000125940 [3.4%]; E100000128820 [3.2%]; E100000122410 [2.7%]; E100000124037 [0.8%]; E100000124038 [0.6%],unknown [42.7%]; unknown [18.5%]; 5087170217 [14.5%]; unknown [9.3%]; unknown [4.3%]; unknown [3.4%]; unknown [3.2%]; unknown [2.7%]; unknown [0.8%]; unknown [0.6%],Yonglian Industrial Park,江苏省张家港市南丰镇永联工业园,Nanfeng,Jiangsu,China,Asia Pacific,"31.8552050, 120.7305050",exact,https://www.gem.wiki/Lianfeng_Steel_Zhangjiagang_Co_Ltd,23.65,unknown,unknown,2002-06-26 00:00:00,unknown,unknown,unknown,,12000.0,,,finished rolled,"wire rod, wire, hot rolled","automotive, building and infrastructure, energy, tools and machinery, transport",4746,2025-05-19 00:00:00,2024-06-15 00:00:00,no,BF; BOF; EAF,State Grid & 3.55MW Saturated Steam Power Generation,unknown,unknown,31.855205,120.730505,23.65,12000.0,31.8552050,120.7305050,POINT (120.730505 31.855205)
676,P100000120496,Liberty Steel Dunaferr Dunaújváros steel plant,Dunaferr Nagyolvasztó és Konverteres Acélgyártómű,"ISD Dunaferr (predecessor), Danube Ironworks (predecessor)",Dunai Vasmű,Liberty Steel Group,,E100000130950,5076098979,,GFG Alliance Ltd,E100001000556,5057811578,"2400 Dunaújváros, Vasmű tér 1-3, Hungary",,Dunaújváros,Fejér,Hungary,Europe,"46.9456940, 18.9386300",exact,https://www.gem.wiki/Liberty_Steel_Dunaferr_Dunaújváros_steel_plant,71.78,unknown,unknown,1954,unknown,2024-06-10 00:00:00,2025-10-13 00:00:00,,1000.0,,,"semi-finished, finished rolled","profile, cold rolled, coated, hot rolled",unknown,4500,unknown,unknown,no,EAF; BF; BOF,unknown,unknown,unknown,46.945694,18.93863,71.78,1000.0,46.9456940,18.9386300,POINT (18.93863 46.945694)
684,P100000120330,Linyi Iron and Steel Investment Group Special Steel Co Ltd,临沂钢铁投资集团特钢有限公司,,,Linyi Iron and Steel Investment Group Co Ltd,临沂钢铁投资集团有限公司,E100000123322,unknown,Partial,Linyi Investment Development Co Ltd [74.4%]; Gangfa International [16.7%]; Shandong Caixin Asset Operation Co Ltd [8.3%]; unknown [0.7%],E100000000234 [74.4%]; E100000125831 [16.7%]; E100000124453 [8.3%]; E100000132388 [0.7%],unknown [74.4%]; unknown [16.7%]; unknown [8.3%]; unknown [0.7%],unknown,山东省临沂市临港经济开发区产业园区团林镇,Tuanlin,Shandong,China,Asia Pacific,"35.1573500, 119.1339990",exact,https://www.gem.wiki/Linyi_Iron_and_Steel_Investment_Group_Special_Steel_Co_Ltd,6.92,unknown,unknown,2019-03-20 00:00:00,unknown,unknown,unknown,,3840.0,,,unknown,unknown,unknown,16,2023-09-21 00:00:00,no,no,BF; BOF,unknown,unknown,unknown,35.15735,119.133999,6.92,3840.0,35.1573500,119.1339990,POINT (119.133999 35.15735)
695,P100000120522,Lloyds Metals and Energy Ltd Ghugus steel plant,,"LMEL Unit 1, Ghugus Steel Plant",,Lloyds Metals and Energy Ltd,,E100001012204,4295874250,,Lloyds Metals and Energy Ltd [100.0%],E100001012204 [100.0%],4295874250 [100.0%],"A1-2 MIDC, Ghugus, Chandrapur 442505, Maharashtra, India",,Ghugus,Maharashtra,India,Asia Pacific,"19.9298370, 79.1193440",exact,https://www.gem.wiki/Lloyds_Metals_and_Energy_Ltd_Ghugus_steel_plant,31,unknown,unknown,1995,unknown,unknown,unknown,,,,4000.0,semi-finished,"sponge iron, pellets",unknown,800,unknown,unknown,no,DRI; BF; EAF; Steel other/unspecified; IF,30 MW WHRB Power plant,LMEL Surajgarh mine (P100000128896),Western Coalfields Ltd,19.929837,79.119344,31.0,4000.0,19.9298370,79.1193440,POINT (79.119344 19.929837)
696,P100000121179,Lloyds Metals and Energy Ltd Konsari steel plant,,"Konsari Steel Plant, LMEL Unit 2",,Lloyds Metals and Energy Ltd,,E100001012204,4295874250,,Lloyds Metals and Energy Ltd [100.0%],E100001012204 [100.0%],4295874250 [100.0%],"Plot No. A-1, Chamorshi Industrial Area, Konsari, Gadchiroli- 442707, Maharashtra, India",,Konsari,Maharashtra,India,Asia Pacific,"19.7704090, 79.8135990",exact,https://www.gem.wiki/Lloyds_Metals_and_Energy_Ltd_Konsari_steel_plant,3,2018,2022-07-01 00:00:00,2023,unknown,unknown,unknown,,,,4000.0,unknown,unknown,unknown,1100,unknown,unknown,no,DRI; BF; BOF,4 MW Captive power plant; 28.2 MW Wind and Solar power from Hexa Energy,LMEL Surjagarh Mine (P100000128896),Western Coalfields Ltd,19.770409,79.813599,3.0,4000.0,19.7704090,79.8135990,POINT (79.813599 19.770409)
704,P100000120069,Maanshan Iron and Steel Co Ltd,马鞍山钢铁股份有限公司(本部),,,Maanshan Iron & Steel Co Ltd,马鞍山钢铁股份有限公司,E100000123737,4295864332,,Maanshan Iron & Steel Co Ltd [100.0%],E100000123737 [100.0%],4295864332 [100.0%],"Yushan District, Ma'anshan City",安徽省马鞍山市雨山区,Ma'anshan,Anhui,China,Asia Pacific,"31.6988840, 118.4681940",exact,https://www.gem.wiki/Maanshan_Iron_and_Steel_Co_Ltd,73,unknown,unknown,1953,unknown,unknown,unknown,,18440.0,4430.0,2670.0,finished rolled,"wire rod, sections, plate","automotive, building and infrastructure, energy, tools and machinery, transport",11450,2024-01-26 00:00:00,2024-01-26 00:00:00,no,BF; BOF; EAF,Ma'anshan Steel power station/Rooftop Distributed Photovoltaic Power Generation,"Nanshan Mine, Gushan Mine, Taochong Mine, Luohe Mine, and Zhangzhuang Mine",unknown,31.698884,118.468194,73.0,25540.0,31.6988840,118.4681940,POINT (118.468194 31.698884)
706,P100000120807,Magnitogorsk Iron and Steel Works,Магнитогорский металлургический комбинат,"Magnitogorskiy Metallurgicheskiy Kombinat, MMK",ММК,Magnitogorskiy Metallurgicheskiy Kombinat PJSC,Магнитогорский Металлургический Комбинат ПАО,E100000002080,4295887044,,Magnitogorskiy Metallurgicheskiy Kombinat PJSC [100.0%],E100000002080 [100.0%],4295887044 [100.0%],"93 Kirov St, Magnitogorsk, Chelyabinsk Region, Russia, 455000","455000, Российская Федерация, Челябинская область, г. Магнитогорск, ул. Кирова, д. 93",Magnitogorsk,Chelyabinsk,Russia,Eurasia,"53.4275930, 59.0541220",exact,https://www.gem.wiki/Magnitogorsk_Iron_and_Steel_Works,94,unknown,unknown,1932,unknown,unknown,unknown,,11300.0,5400.0,6400.0,"semi-finished, finished rolled","coils and sheets with polymer coating, wire rod, rebar, plate, strip, bar, pipe, billet, coil, round bar, slab, angle","automotive, building and infrastructure, energy, steel packaging, tools and machinery, transport",16648,2022,2022,no,BF; BOF; EAF,Magnitogorsk PVS-2 MMK power station,Magnitogorsk Malyi Kuibas Mine (P100000128822),Tikhova Coal Mine (M0856); Kostromovskaya Coal Mine (M1343 ),53.427593,59.054122,94.0,23100.0,53.4275930,59.0541220,POINT (59.054122 53.427593)
708,P100000120593,Makran Steel Sistan and Baluchestan Complex,شرکت فولاد مکران چابهار,,مجتمع فولاد مکران,Makran Steel Co,,E100000131121,unknown,Partial,Iranian Mines & Mining Industries Development & Renovation Organization [8.5%]; unknown,E100000000547 [8.5%]; E100000132388,5000935267 [8.5%]; unknown,"Chabahar city, Sistan and Baluchestan, Iran",,Chabahar,Sistan and Baluchestan,Iran,Middle East,"25.4483977, 60.6408488",exact,https://www.gem.wiki/Makran_Steel_Sistan_and_Baluchestan_Complex,,unknown,2019-01-27 00:00:00,2030,unknown,unknown,unknown,,,,5000.0,"semi-finished, finished rolled","billet, slab, sheet, sections, rebar, HBI",building and infrastructure,450,unknown,unknown,no,DRI; EAF,unknown,unknown,,25.4483977,60.6408488,,5000.0,25.4483977,60.6408488,POINT (60.6408488 25.4483977)
717,P100000120805,Mechel Chelyabinsk Metallurgical Plant,Челябинский металлургический комбинат,"Chelyabinsk Metallurgical Combine, CHMK OAO Mechel",ЧМК,Chelyabinskiy Metallurgicheskiy Kombinat PJSC,ПАО «Челябинский металлургический комбинат»,E100000130740,4295887257,,Chelyabinskiy Metallurgicheskiy Kombinat PJSC [100.0%],E100000130740 [100.0%],4295887257 [100.0%],"2-ya Paveletskaya street, 14, Chelyabinsk, Chelyabinsk region, Russia, 454047","454047, Российская Федерация, Челябинская область, г. Челябинск, ул. Павелецкая 2-я, д. 14",Chelyabinsk,Chelyabinsk,Russia,Eurasia,"55.2707300, 61.4364920",exact,https://www.gem.wiki/Mechel_Chelyabinsk_Metallurgical_Plant,83,unknown,1942,1943,unknown,unknown,unknown,,4500.0,2900.0,,"semi-finished, finished rolled","wire rod, rail, rebar, bar, pipe, cold rolled, billet, hot rolled, slab","automotive, building and infrastructure, energy, tools and machinery, transport",15196,2024,unknown,no,BF; BOF; EAF,unknown,Korshunovskoye and Rudnogorskoye iron ore fields,Raspadskaya coal mine,55.27073,61.436492,83.0,7400.0,55.2707300,61.4364920,POINT (61.436492 55.27073)
724,P100000121219,Mesabi Metallics Nashwuak HBI plant,,,,Mesabi Mining LLC,,E100001012502,5063372746,,Steel Dynamics Inc [88.0%]; unknown [12.0%],E100001010336 [88.0%]; E100000132388 [12.0%],4295908010 [88.0%]; unknown [12.0%],"17113 Co Rd 58, Nashwauk, Minnesota, United States",,Nashwuak,Minnesota,United States,North America,"47.3834410, -93.2194130",exact,https://www.gem.wiki/Mesabi_Metallics_Nashwuak_HBI_plant,0,2020,unknown,2026,unknown,unknown,unknown,,,,7000.0,crude,pellets,unknown,350,unknown,unknown,no,DRI,unknown,unknown,unknown,47.383441,-93.219413,0.0,7000.0,47.3834410,-93.2194130,POINT (-93.219413 47.383441)
726,P100000120559,Mesco Steel Kalinganagar plant,,"Mideast Integrated Steel (MISL), MESCO-I, MSKL",,Mesco Kalinga Steel Ltd,,E100000130811,4296917434,,Mesco Kalinga Steel Ltd [100.0%],E100000130811 [100.0%],4296917434 [100.0%],"Kalinga Nagar Industrial Complex, Khurunti, P.O. Danagadi - 755026, Distt. Jaipur, Orissa, India",,Kalinganagar,Odisha,India,Asia Pacific,"20.9762770, 86.0444190",exact,https://www.gem.wiki/Mesco_Steel_Kalinganagar_plant,21,unknown,1997,2005,unknown,unknown,unknown,,770.0,,,"crude, semi-finished","pig iron, long products, plate, flat",unknown,unknown,unknown,unknown,no,BF; BOF,One captive power plant (24 MW capacity),MISL Roida Mine (P100000128497),Chhindwara,20.976277,86.044419,21.0,770.0,20.9762770,86.0444190,POINT (86.044419 20.976277)
729,P100000120812,Metalloinvest OEMK steel plant,ОЭМК им. А.А. Угарова,Oskol Electrometallurgical Plant JSC,Оскольский электрометаллургический комбинат,Oskol'skiy Elektrometallurgicheskiy Kombinat Imeni Alekseya Alekseyevicha Ugarova JSC,АО Оскольский электрометаллургический комбинат им. А.А. Угарова,E100000130739,4295887250,,YueSeM Holding Company LLC,E100000131085,5079214447,"Stary Oskol, Belgorod Region, Russia, 309515","309515, Российская Федерация, Белгородская область, Старый Оскол, микрорайон Ольминского, д.12",Stary Oskol,Belgorod,Russia,Eurasia,"51.1427380, 37.9405320",exact,https://www.gem.wiki/Metalloinvest_OEMK_steel_plant,42,unknown,unknown,1984,unknown,unknown,unknown,,,,4500.0,"crude, semi-finished, finished rolled","pipe, billet, DRI",unknown,9099,2021,2020,no,DRI; EAF,unknown,Metalloinvest Mikhailovsky Mine (P100000128817); Metalloinvest Lebedinsky Mine (P100000128790),unknown,51.142738,37.940532,42.0,4500.0,51.1427380,37.9405320,POINT (37.940532 51.142738)
731,P100000120909,Metallurgical Plant Kametstal,"Дніпровський МК (Ukrainian, predecessor)","DMKD, Dnieper Metallurgical Combine, PJSC ""DMK"" (all predecessors), Dneprovsk Integrated Iron & Steel, DMK, Dniprovsky Metallurgical Combine, DIISW, Dneprovsky Iron & Steel Integrated Works, PJSC, Kamet Steel, Dniprovsky Iron and Steel Works, Dniprovskiy Metalurgiinyi Kombinat, PAT","Днепровский меткомбинат (Russian, predecessor), Металлургический комбинат «Каметсталь», ДМК (Russian, predecessor), Днепровский металлургический комбинат имени Дзержинского (Russian, predecessor), Днепровский МК (Russian, predecessor), Дніпровський металургійний комбінат (Ukrainian, predecessor), ЧАО ""Камет-сталь""",Kamet-Steel PrJSC,,E100001012133,unknown,,Metinvest BV [100.0%],E100001000605 [100.0%],5000056845 [100.0%],"Svobody Ave, 1А, Kamianske, Dnipropetrovsk Oblast, Ukraine, 51900","Україна, 51925, Дніпропетровська обл., м. Кам’янське, вул. Соборна, 18б",Kamianske,Dnipropetrovsk,Ukraine,Europe,"48.5280190, 34.6409150",exact,https://www.gem.wiki/Metallurgical_Plant_Kametstal,139,unknown,unknown,1887,unknown,unknown,unknown,,5600.0,1030.0,,"semi-finished, finished rolled","wire rod, rail, pipe, billet, profile","energy, transport",8865,2025-09-18 00:00:00,2023-02-09 00:00:00,no,BF; BOF,unknown,unknown,unknown,48.528019,34.640915,139.0,6630.0,48.5280190,34.6409150,POINT (34.640915 48.528019)
735,P100000120914,Metinvest Ilyich Iron and Steel Works,Мариупольский МК им. Ильича,"MMKI, ILYICH IRON AND WORKS OF MARIUPOL, PRIVATE JOINT STOCK COMPANY, Mariupol Metallurgical Integrated Plant Named After Ilyich, Private Joint Stock Company, Metalurhichnyy Kombinat, Mariupolskyi Metalurgiinyi Kombinat Imeni Illicha, PRAT","Маріупольській МК ім. Ілліча, ММК им. Ильича",Mariupolskyi Metalurgiinyi Kombinat Imeni Illicha PrAT,,E100000130830,4297403720,,SCM Holdings Ltd [71.2%]; unknown [5.0%]; Smart Holding (Cyprus) Ltd,E100001000695 [71.2%]; E100000132388 [5.0%]; E100002003973,5037839870 [71.2%]; unknown [5.0%]; 5039650543,"Domenna St, Mariupol, Donetsk Oblast, Ukraine, 87500",,Mariupol,Donetsk,Ukraine,Europe,"47.1402768, 37.5943416",exact,https://www.gem.wiki/Metinvest_Ilyich_Iron_and_Steel_Works,129,unknown,unknown,1897,unknown,2022,unknown,,12340.0,,,"crude, semi-finished, finished rolled","ingot, sheet, plate, strip, pipe, cold rolled, pig iron, sinter, carbon steel, wire","building and infrastructure, energy, transport",14032,unknown,unknown,no,BF; BOF,unknown,unknown,unknown,47.1402768,37.5943416,129.0,12340.0,47.1402768,37.5943416,POINT (37.5943416 47.1402768)
737,P100000120916,Metinvest Zaporizhstal steel plant,"Металлургический комбинат ""Запорожсталь""","Zaporizhstal Iron & Steel Works PJSC, Zaporizhstal Integrated Iron & Steel Works (P)JSC","ПАТ Запоріжсталь (Ukranian), ПАО Запорожсталь",Zaporiz'kyi Metalurhiinyi Kombinat Zaporizhstal' PJSC,ПАТ«ЗАПОРІЗЬКИЙ МЕТАЛУРГІЙНИЙ КОМБІНАТ „ЗАПОРІЖСТАЛЬ“»,E100000130816,4297042342,,Metinvest BV [47.0%]; Global Steel Investments Ltd [36.8%]; Eastrade Ltd [11.2%],E100001000605 [47.0%]; E100002017625 [36.8%]; E100002017627 [11.2%],5000056845 [47.0%]; 5034089184 [36.8%]; unknown [11.2%],"Pivdenne Hwy, 72, Zaporizhzhia, Zaporiz'ka oblast, Ukraine, 69061","69008, Україна, Запорізька область, м. Запоріжжя, Південне Шосе, 72",Zaporizhzhia,Zaporizhzhia,Ukraine,Europe,"47.8683800, 35.1617730",exact,https://www.gem.wiki/Metinvest_Zaporizhstal_steel_plant,93,unknown,unknown,1933,unknown,unknown,unknown,,6300.0,,,finished rolled,"coil, sheet, strip, slab","automotive, steel packaging, tools and machinery, transport",8000,2023-11-03 00:00:00,2025-09-30 00:00:00,no,BF; Steel other/unspecified; BOF,unknown,unknown,unknown,47.86838,35.161773,93.0,6300.0,47.8683800,35.1617730,POINT (35.161773 47.86838)
745,P100000120584,Mobarakeh Steel Complex Isfahan,شرکت فولاد مبارکه اصفهان,"MSC, Mobarakeh Steel Esfahan, Esfahan's Mobarakeh Steel Company",مجتمع فولاد مبارکه اصفهان,Mobarakeh Steel Co,شرکت فولاد مبارکه,E100000001959,5001102887,Full,Iranian Mines & Mining Industries Development & Renovation Organization,E100000000547,5000935267,"Mobarakeh, Isfahan Province, Iran",,Mobarakeh,Isfahan,Iran,Middle East,"32.2440000, 51.4263000",exact,https://www.gem.wiki/Mobarakeh_Steel_Complex_Isfahan,35,unknown,1981,1991,unknown,unknown,unknown,,5600.0,,7200.0,"semi-finished, finished rolled","galvanized, sheet, coated, coil, slab","automotive, building and infrastructure, steel packaging, tools and machinery",12092,expired,expired,no,DRI; EAF,"South Isfahan Power Plant (combined cycle, 914 mw, 2 gas units (307 mw) and 1 steam unit (300 mw)), 100 MW solar plant","Gol Gohar (P100000128556), Chadormalu (P100000128563), Bafq (P100000128557), Zarand, Sirjan Iranian",,32.244,51.4263,35.0,12800.0,32.2440000,51.4263000,POINT (51.4263 32.244)
751,P100000120567,MSP Steel & Power Raigarh plant,,MSPSPL,,MSP Steel & Power Ltd,,E100000130702,4295873986,Partial,MSP Steel & Power Ltd [100.0%],E100000130702 [100.0%],4295873986 [100.0%],"Manuapali, Jamgaon, District Raigarh (Chhattisgarh), India",,Raigarh,Chhattisgarh,India,Asia Pacific,"21.8767300, 83.5544950",exact,https://www.gem.wiki/MSP_Steel_&_Power_Raigarh_plant,24,unknown,unknown,2002,unknown,unknown,unknown,300.0,900.0,,1250.0,"crude, semi-finished, finished rolled","structural, pellets, sponge iron, bar, billet",unknown,1073,yes,unknown,no,DRI; IF; BF,45 MW Captive Power plant,unknown,unknown,21.87673,83.554495,24.0,2450.0,21.8767300,83.5544950,POINT (83.554495 21.87673)
756,P100000120813,Nadezhdinski Metallurgical Plant,"Металлургический завод им. А. К. Серова (predecessor), Серовский металлургический завод (predecessor)","NMZ, UMK-Steel, Serov A. K. Iron & Steel (predecessor), UMK-Stal","Надеждинский металлургический завод, УМК-Сталь, НМЗ",UMK-Stal LLC,,E100000131028,5046709098,,Nokomis Select Inc [33.0%]; Tretiy Kod CJSC [32.8%]; Satelait JSC [17.7%]; Assets-M JSC [17.0%],E100000131143 [33.0%]; E100000131029 [32.8%]; E100002016171 [17.7%]; E100002016172 [17.0%],unknown [33.0%]; 5046709100 [32.8%]; unknown [17.7%]; unknown [17.0%],"Ulitsa Aglomeratchikov, 6, Serov, Sverdlovsk Oblast, Russia, 624992","624992, Российская Федерация, Свердловская область, г. Серов, ул. Агломератчиков, д. 6",Serov,Sverdlovsk,Russia,Eurasia,"59.5938540, 60.5911960",exact,https://www.gem.wiki/Nadezhdinski_Metallurgical_Plant,130,unknown,unknown,1896,unknown,unknown,unknown,,660.0,,,"crude, semi-finished, finished rolled","ingot, cast iron, round bar, billet, calibrated bar, square bars, rebar, angle bar, hexagon bar, pig iron","automotive, energy, tools and machinery, transport",4400,2024-07-23 00:00:00,yes,no,BF; EAF,Nadezhdinski Metallurgical Plant mini-CHP,Severopeschanskaya Mine,unknown,59.593854,60.591196,130.0,660.0,59.5938540,60.5911960,POINT (60.591196 59.593854)
761,P100000120585,Natanz Steel Company Isfahan plant,شرکت فولاد نطنز,"NSC, Natanz Steel Melting, Natanz Steel Industries","مجتمع فولاد نطنز, مجتمع ذوب آهن نطنز",Natanz Steel Co,,E100000131127,unknown,,Natanz Steel Co [100.0%],E100000131127 [100.0%],unknown [100.0%],"Natanz, Isfahan Province, Iran",,Natanz,Isfahan,Iran,Middle East,"33.4285930, 51.9822730",exact,https://www.gem.wiki/Natanz_Steel_Company_Isfahan_plant,25,unknown,unknown,2001,unknown,unknown,unknown,,,,2000.0,"semi-finished, finished rolled","ingot, rebar, sections, bar",unknown,750,yes,unknown,no,EAF; DRI; IF,"230 KW power substation, 53-kilometer power transmission line",unknown,,33.428593,51.982273,25.0,2000.0,33.4285930,51.9822730,POINT (51.982273 33.428593)
763,P100000120540,Neelachal Ispat Nigam steel plant,,NINL,,Neelachal Ispat Nigam Ltd,,E100001010157,4296902087,Partial,Tata Steel Long Products Ltd [92.7%]; Tata Steel Ltd [5.2%]; small shareholder(s) [2.1%],E100000121408 [92.7%]; E100001010018 [5.2%]; E100001015587 [2.1%],4295874051 [92.7%]; 4295872420 [5.2%]; unknown [2.1%],"Kalinga Nagar Industrial Complex, DUBURI, Jajpur 755 026, Odisha, India",,Kalinganagar,Odisha,India,Asia Pacific,"20.9986410, 86.0191020",exact,https://www.gem.wiki/Neelachal_Ispat_Nigam_steel_plant,44,unknown,unknown,1982,unknown,unknown,unknown,,1710.0,880.0,,"crude, semi-finished","wire rod, coke, bar, billet, pig iron, slag",building and infrastructure,1400,yes,unknown,no,BF; BOF,62.5 MW captive power plant; 4x67.5MW CPP proposed,NINL Koira Mine (P100000128488),Australia,20.998641,86.019102,44.0,2590.0,20.9986410,86.0191020,POINT (86.019102 20.998641)
765,P100000120611,Neyriz Ghadir Steel Company Fars plant,مجتمع فولاد غدیر نی‌ریز,"NGHSCO, Neyriz Steel Complex",,Neyriz Ghadir Steel Co,مجتمع فولاد نی ریز,E100000131179,unknown,Partial,Ghadir Investment Company PJSC [65.0%]; Iranian Mines & Mining Industries Development & Renovation Organization [35.0%],E100000000543 [65.0%]; E100000000547 [35.0%],5035729783 [65.0%]; 5000935267 [35.0%],"50 km of Neyriz Sirjan road, Neyriz, Fars, Iran",,Neyriz,Fars,Iran,Middle East,"29.1680870, 54.6214870",exact,https://www.gem.wiki/Neyriz_Ghadir_Steel_Company_Fars_plant,8,2006,2010,2018,unknown,unknown,unknown,,,,2500.0,"crude, semi-finished","DRI, billet",unknown,1100,unknown,unknown,no,DRI; EAF,Qeshm 164 MW Power Plant,They have acquired various iron ore mines around the country,,29.168087,54.621487,8.0,2500.0,29.1680870,54.6214870,POINT (54.621487 29.168087)
768,P100000120305,Ningbo Iron and Steel Co Ltd,宁波钢铁有限公司,"Ningbo Jianlong Steel Co., Ltd.",宁波建龙钢铁有限公司,Ningbo Iron & Steel Co Ltd,宁波钢铁有限公司,E100000126299,unknown,,Hang Zhou Iron & Steel Co Ltd [100.0%],E100000127605 [100.0%],unknown [100.0%],168 Lingang 2nd Road,浙江省宁波市北仑区临港二路168号,unknown,Zhejiang,China,Asia Pacific,"29.9187760, 121.8764230",exact,https://www.gem.wiki/Ningbo_Iron_and_Steel_Co_Ltd,23.1,unknown,unknown,2003-01-14 00:00:00,unknown,unknown,unknown,,4402.0,756.0,,finished rolled,"structural, electrical",unknown,2979,2024-07-22 00:00:00,2023-10-20 00:00:00,no,BF; BOF,Utilizing the waste heat from high-energy-consuming equipment and idle construction sites to build photovoltaic power station,unknown,unknown,29.918776,121.876423,23.1,5158.0,29.9187760,121.8764230,POINT (121.876423 29.918776)
771,P100000121052,Ningxia Jianlong Special Steel Co Ltd,宁夏建龙特钢有限公司,"Ningxia Shenyin Special Steel Co., Ltd.",宁夏申银特钢股份有限公司,Ningxia Jianlong Special Steel Co Ltd,宁夏建龙特钢有限公司,E100000126270,unknown,,Beijing Jianlong Investment Co Ltd [90.2%]; unknown [9.8%],E100000000155 [90.2%]; E100000132388 [9.8%],unknown [90.2%]; unknown [9.8%],unknown,宁夏石嘴山市惠农区红果子工业集聚区,Hongguozi Industrial Park,Ningxia,China,Asia Pacific,"39.2154520, 106.6882940",exact,https://www.gem.wiki/Ningxia_Jianlong_Special_Steel_Co_Ltd,13.84,unknown,unknown,2012-04-18 00:00:00,unknown,unknown,unknown,,6000.0,1300.0,,finished rolled,unknown,building and infrastructure,2249,2024-08-19 00:00:00,2025-06-24 00:00:00,no,BF; BOF,Photovoltaic Power Generation,unknown,unknown,39.215452,106.688294,13.84,7300.0,39.2154520,106.6882940,POINT (106.688294 39.215452)
774,P100000120664,Nippon East Japan Works (Kashima) steel plant,东日本制铁所鹿岛地区,"East Nippon Works Kashima Area, Kashima Nippon Stainless Steel Corporation, NSSC",東日本製鉄所鹿島地区,Nippon Steel Corp,日本製鉄株式会社,E100000000652,4295877313,,Nippon Steel Corp [100.0%],E100000000652 [100.0%],4295877313 [100.0%],"3 Hikari, Kashima-shi, Ibaraki Pref., Japan 314-0014",,Kashima,Ibaraki,Japan,Asia Pacific,"35.9343700, 140.6810190",exact,https://www.gem.wiki/Nippon_East_Japan_Works_(Kashima)_steel_plant,58,unknown,unknown,1968,unknown,unknown,unknown,,,920.0,,"semi-finished, finished rolled",sheet,unknown,3042,yes,unknown,no,BF; BOF,"Nippon Steel Kashima Thermal power plant (507 MW coal-fired power plant)in-plant power generation, also provides power generated via coal and bio-mass to Tokyo Electric Power","Imported from Australia, Brazil and India",Australia and Canada,35.93437,140.681019,58.0,920.0,35.9343700,140.6810190,POINT (140.681019 35.93437)
775,P100000120659,Nippon East Japan Works (Kimitsu) steel plant,東日本製鉄所君津地区,"Kimitsu Works (Kimitsu Area), East Nippon Works Kimitsu Area",东日本制铁所君津地区,Nippon Steel Corp,日本製鉄株式会社,E100000000652,4295877313,,Nippon Steel Corp [100.0%],E100000000652 [100.0%],4295877313 [100.0%],"1-1 Kimitsu, Kimitsu City, Chiba Prefecture, 299-1141, Japan",,Kimitsu,Chiba,Japan,Asia Pacific,"35.3609120, 139.8819530",exact,https://www.gem.wiki/Nippon_East_Japan_Works_(Kimitsu)_steel_plant,61,1961,1962,1965,unknown,unknown,unknown,,13200.0,1800.0,,"semi-finished, finished rolled","pipe, bar, profile, plate",unknown,3547,yes,unknown,no,BF; BOF,unknown,"Imported from Australia, Brazil and India",Australia and Canada,35.360912,139.881953,61.0,15000.0,35.3609120,139.8819530,POINT (139.881953 35.360912)
777,P100000120662,"Nippon Kyushu Works (Oita Area, Oita) steel plant",九州制铁所大分地区(大分),"Kyushu Works (Oita Area), Oita Works (Oita Area)",九州製鉄所大分地区(大分),Nippon Steel Corp,日本製鉄株式会社,E100000000652,4295877313,,Nippon Steel Corp [100.0%],E100000000652 [100.0%],4295877313 [100.0%],"1 Oaza-Nishinosu, Oita City, Oita Pref. 870-0992, Japan",,Oita,Oita,Japan,Asia Pacific,"33.2608290, 131.6455270",exact,"https://www.gem.wiki/Nippon_Kyushu_Works_(Oita_Area,_Oita)_steel_plant",54.72,1961,unknown,1971-06-01 00:00:00,unknown,unknown,unknown,,7358.0,,,"semi-finished, finished rolled","sheet, plate","automotive, building and infrastructure, tools and machinery",2083,yes,unknown,no,BF; BOF,"CPP, also provides power generated via by-product gas, coal, and bio-mass to Kyushu Electric Power","Imported from Australia, Brazil and India",Australia and Canada,33.260829,131.645527,54.72,7358.0,33.2608290,131.6455270,POINT (131.645527 33.260829)
780,P100000120661,Nippon Nagoya steel plant,東日本名古屋製鉄所,Nagoya Works,东日本名古屋制铁所,Nippon Steel Corp,日本製鉄株式会社,E100000000652,4295877313,,Nippon Steel Corp [100.0%],E100000000652 [100.0%],4295877313 [100.0%],"5-3, Tokaimachi, Tokai City, Aichi Pref. 476-8686, Japan",,Tokai,Aichi,Japan,Asia Pacific,"35.0275750, 136.8705520",exact,https://www.gem.wiki/Nippon_Nagoya_steel_plant,65,unknown,1960,1961,unknown,unknown,unknown,,,800.0,,"semi-finished, finished rolled","pipe, cast iron, plate","automotive, building and infrastructure, energy, tools and machinery",3183,yes,unknown,no,BF; BOF,unknown,"Imported from Australia, Brazil and India",Australia and Canada,35.027575,136.870552,65.0,800.0,35.0275750,136.8705520,POINT (136.870552 35.027575)
788,P100000120808,NLMK Lipetsk steel plant,Новолипецкий металлургический комбинат,"NLMZ (predecessor), Novolipetsk Steel, Novolipetsk Iron and Steel Works","НЛМЗ (predecessor), НЛМК Липецк",Novolipetsk Steel PJSC,Новолипецкий металлургический комбинат,E100000003676,4295887048,,Novolipetsk Steel PJSC [100.0%],E100000003676 [100.0%],4295887048 [100.0%],"2 Ploshad Metallurgov, Lipetsk, Russia, 398040","398040, Российская Федерация, Липецкая область, г. Липецк, пл. Металлургов, д. 2",Lipetsk,Lipetsk,Russia,Eurasia,"52.5573720, 39.6295740",exact,https://www.gem.wiki/NLMK_Lipetsk_steel_plant,92,unknown,unknown,1934,unknown,unknown,unknown,,15000.0,2745.0,,"semi-finished, finished rolled","galvanized, rebar, channel, coated, pipe, flat, hot rolled, slab, beam",unknown,27000,2025-06-27 00:00:00,2025-06-27 00:00:00,no,BF; BOF,150 MW recovery cogeneration plant designed to process blast furnace gas from BF #7.,NLMK Stoilensky Mine (P100000128605),unknown,52.557372,39.629574,92.0,17745.0,52.5573720,39.6295740,POINT (39.629574 52.557372)
789,P100000121250,NLMK Stoilensky iron plant,Стойленский ГОК,Stoilensky Mining and Beneficiation plant,,Stoylenskiy Gorno-Obogatitel'nyi Kombinat JSC,,E100001013916,4297016982,,Novolipetsk Steel PJSC [100.0%],E100000003676 [100.0%],4295887048 [100.0%],"309504, Belgorod region, Stary Oskol, Fabrichnaya site, pr-d-4 (SW, industrial zone)","309504, Белгородская область, г. Старый Оскол, площадка Фабричная, пр-д-4 (ЮЗ, п/р промзона)",Stary Oskol,Belgorod,Russia,Eurasia,"51.2439640, 37.7834980",exact,https://www.gem.wiki/NLMK_Stoilensky_iron_plant,,2021-06-01 00:00:00,unknown,2028,unknown,unknown,unknown,,,,9000.0,crude,HBI,unknown,1300,unknown,unknown,no,DRI,unknown,NLMK Stoilensky Mine (P100000128605),unknown,51.243964,37.783498,,9000.0,51.2439640,37.7834980,POINT (37.783498 51.243964)
791,P100000120523,NMDC Nagarnar steel plant,,,,NMDC Steel Ltd,,E100002004554,5044197117,Partial,NMDC Steel Ltd [100.0%],E100002004554 [100.0%],5044197117 [100.0%],"Nagarnar, South Bastar, Chhattisgarh, India",,Nagarnar,Chhattisgarh,India,Asia Pacific,"19.0931901, 82.1700000",exact,https://www.gem.wiki/NMDC_Nagarnar_steel_plant,2.47,2008,2011,2023-08-31 00:00:00,unknown,unknown,unknown,,4663.0,1763.0,2000.0,finished rolled,"coil, sheet, plate","automotive, building and infrastructure, energy, tools and machinery, transport",5596,yes,unknown,no,BF; BOF,Barasur Substation,Bailadila mine,"Imported from China, Australia or New Zealand",19.0931901,82.17,2.47,8426.0,19.0931901,82.1700000,POINT (82.17 19.0931901)
795,P100000120420,Nová Hut Ostrava steel plant,,"Ostrava Steelworks, SPV NH Ostrava steel plant, GFG Liberty Ostrava steel plant, ArcelorMittal Ostrava a.s.",,Nová Huť sro,,E100002021471,5097010249,,SPV NH Ostrava sro [100.0%],E100002022007 [100.0%],unknown [100.0%],"Vratimovská 689/117, 719 00 Ostrava-Kunčice, Czech Republic",,Ostrava-Kunčice,Moravia-Silesia,Czech Republic,Europe,"49.7921390, 18.3098750",exact,https://www.gem.wiki/Nová_Hut_Ostrava_steel_plant,74,unknown,unknown,1952,unknown,2023-10-01 00:00:00,unknown,,,1200.0,,"semi-finished, finished rolled","wire rod, sections, strip, billet, slab, tube","building and infrastructure, energy, tools and machinery, transport",6000,2022,2022,no,EAF; BF; BOF,unknown,unknown,unknown,49.792139,18.309875,74.0,1200.0,49.7921390,18.3098750,POINT (18.309875 49.792139)
825,P100000121188,Orissa Alloy Steel Kharagpur Plant,,Rashmi Alloys Steel Pvt Ltd (formerly),,Orissa Metaliks Pvt Ltd,,E100001012161,5062177290,,small shareholder(s) [28.7%]; Cimmco Vinimay Pvt Ltd [16.6%]; Rashmi Iron Industries Pvt Ltd [9.1%]; Newera Commotrade Pvt Ltd [6.6%]; Rashmi Infrastructure Pvt Ltd [6.0%]; Bholebaba Consultants LLP [5.8%]; Rashmi Cement Ltd [5.7%]; Daffodil Plaza Pvt Ltd [5.7%]; Optimist Commosale Pvt Ltd [5.5%]; Rashidhan Sales Pvt Ltd [5.2%]; Rashmi Metaliks Ltd [5.0%]; natural person(s) [0.1%],E100001015587 [28.7%]; E100001012163 [16.6%]; E100001012171 [9.1%]; E100001012169 [6.6%]; E100001012170 [6.0%]; E100001012164 [5.8%]; E100001012079 [5.7%]; E100001012165 [5.7%]; E100001012168 [5.5%]; E100001012166 [5.2%]; E100000130890 [5.0%]; E100000123261 [0.1%],unknown [28.7%]; 5080163114 [16.6%]; unknown [9.1%]; unknown [6.6%]; 5086775134 [6.0%]; unknown [5.8%]; 4298177377 [5.7%]; unknown [5.7%]; 5086775048 [5.5%]; 5082449920 [5.2%]; 4298375168 [5.0%]; unknown [0.1%],"Mouza – Nandarchalk ,Bargai, Shyamraipur & Kanjarichak, Village – Gokulpur, P.O – Shyamraipur, P.S – Kharagpur (L), Dist. Paschim Medinipur , West Bengal, India",,Kharagpur,West Bengal,India,Asia Pacific,"22.3642580, 87.3090470",exact,https://www.gem.wiki/Orissa_Alloy_Steel_Kharagpur_Plant,5,2006,unknown,2021,unknown,unknown,unknown,,840.0,500.0,11000.0,finished rolled,"pipe, bar, di pipe",unknown,3000,unknown,unknown,no,DRI; IF; BF,270 MW Captive Power Plant (planned),"Barbil-Joda, Odisha","BCCL, Dhanbad and imported",22.364258,87.309047,5.0,12340.0,22.3642580,87.3090470,POINT (87.309047 22.364258)
826,P100000121187,Orissa Metaliks Kharagpur steel plant,,"OMPL, Orissa Metallurgical Industry Pvt Ltd (OMIPL)",,Orissa Metaliks Pvt Ltd,,E100001012161,5062177290,,small shareholder(s) [28.7%]; Cimmco Vinimay Pvt Ltd [16.6%]; Rashmi Iron Industries Pvt Ltd [9.1%]; Newera Commotrade Pvt Ltd [6.6%]; Rashmi Infrastructure Pvt Ltd [6.0%]; Bholebaba Consultants LLP [5.8%]; Rashmi Cement Ltd [5.7%]; Daffodil Plaza Pvt Ltd [5.7%]; Optimist Commosale Pvt Ltd [5.5%]; Rashidhan Sales Pvt Ltd [5.2%]; Rashmi Metaliks Ltd [5.0%]; natural person(s) [0.1%],E100001015587 [28.7%]; E100001012163 [16.6%]; E100001012171 [9.1%]; E100001012169 [6.6%]; E100001012170 [6.0%]; E100001012164 [5.8%]; E100001012079 [5.7%]; E100001012165 [5.7%]; E100001012168 [5.5%]; E100001012166 [5.2%]; E100000130890 [5.0%]; E100000123261 [0.1%],unknown [28.7%]; 5080163114 [16.6%]; unknown [9.1%]; unknown [6.6%]; 5086775134 [6.0%]; unknown [5.8%]; 4298177377 [5.7%]; unknown [5.7%]; 5086775048 [5.5%]; 5082449920 [5.2%]; 4298375168 [5.0%]; unknown [0.1%],"Village Gokulpur, P.O. Shyamraipur, P.S. Kharagpur, District West Medinipur, West Bengal, India",,Kharagpur,West Bengal,India,Asia Pacific,"22.3783550, 87.2817730",exact,https://www.gem.wiki/Orissa_Metaliks_Kharagpur_steel_plant,9,2008,unknown,2017,unknown,unknown,unknown,,,60.0,2200.0,semi-finished,"cold rolled, DRI, pellets, bar",unknown,unknown,unknown,unknown,no,BF; DRI; IF,83 MW Captive Power Plant (at Unit I),unknown,unknown,22.378355,87.281773,9.0,2260.0,22.3783550,87.2817730,POINT (87.281773 22.378355)
827,P100000120566,Orissa Metaliks Markuta steel plant,,"MSP Metallics Limited, MSPML (formerly), Adhunik Industries Private Limited (formerly)",,Orissa Metaliks Pvt Ltd,,E100001012161,5062177290,,small shareholder(s) [28.7%]; Cimmco Vinimay Pvt Ltd [16.6%]; Rashmi Iron Industries Pvt Ltd [9.1%]; Newera Commotrade Pvt Ltd [6.6%]; Rashmi Infrastructure Pvt Ltd [6.0%]; Bholebaba Consultants LLP [5.8%]; Rashmi Cement Ltd [5.7%]; Daffodil Plaza Pvt Ltd [5.7%]; Optimist Commosale Pvt Ltd [5.5%]; Rashidhan Sales Pvt Ltd [5.2%]; Rashmi Metaliks Ltd [5.0%]; natural person(s) [0.1%],E100001015587 [28.7%]; E100001012163 [16.6%]; E100001012171 [9.1%]; E100001012169 [6.6%]; E100001012170 [6.0%]; E100001012164 [5.8%]; E100001012079 [5.7%]; E100001012165 [5.7%]; E100001012168 [5.5%]; E100001012166 [5.2%]; E100000130890 [5.0%]; E100000123261 [0.1%],unknown [28.7%]; 5080163114 [16.6%]; unknown [9.1%]; unknown [6.6%]; 5086775134 [6.0%]; unknown [5.8%]; 4298177377 [5.7%]; unknown [5.7%]; 5086775048 [5.5%]; 5082449920 [5.2%]; 4298375168 [5.0%]; unknown [0.1%],"Markuta, P.O : Markuta, Jharsuguda, Jharsuguda- 768201, Jharsuguda, Odisha",,Markuta,Odisha,India,Asia Pacific,"21.8567470, 83.9662440",exact,https://www.gem.wiki/Orissa_Metaliks_Markuta_steel_plant,18,2004-11-27 00:00:00,unknown,2008,unknown,unknown,unknown,,460.0,240.0,600.0,"crude, semi-finished","bloom, billet, DRI",unknown,1100,unknown,unknown,no,BF; DRI; IF; BOF,"24 MW Captive power plant, proposed expansion to 275 MW","Barbil-Joda, Orissa","BCCL, Dhanbad or imported",21.856747,83.966244,18.0,1300.0,21.8567470,83.9662440,POINT (83.966244 21.856747)
829,P100000121189,Orissa Steel and Power Jhargram steel plant,,Rashmi Udyog Pvt Ltd,,Orissa Steel & Power Pvt Ltd,,E100001012078,5083805903,,Rashmi Cement Ltd [100.0%],E100001012079 [100.0%],4298177377 [100.0%],"Village – Jitusole & Baghmuri, P. O. – Garhsalboni, P. S. – Jhargram, District – Jhargram, State – West Bengal",,Jhargram,West Bengal,India,Asia Pacific,"22.3591000, 87.0171840",exact,https://www.gem.wiki/Orissa_Steel_and_Power_Jhargram_steel_plant,unknown,2015,unknown,unknown,unknown,unknown,unknown,,,,6400.0,"crude, semi-finished",rod,unknown,unknown,unknown,unknown,no,DRI; EAF; IF,245 MW Captive Power Plant,"Birmitrapur, Orissa/ Bilaspur, Chhattisgarh",BCCL Dhanbad or imported,22.3591,87.017184,,6400.0,22.3591000,87.0171840,POINT (87.017184 22.3591)
839,P100000120781,Pakistan Steel Mills Karachi,پاکستان سٹیل ملز,"Pakistan Steel Mills Corporation (Pvt.) Limited, PSM",,Pakistan Steel Mills Corp Pvt Ltd,,E100000130942,5000849104,Full,Pakistan Steel Mills Corp Pvt Ltd [100.0%],E100000130942 [100.0%],5000849104 [100.0%],"Pakistan Steel, Bin Qasim, Karachi 75000, Pakistan",,Karachi,Sindh,Pakistan,Asia Pacific,"24.8099770, 67.3524400",exact,https://www.gem.wiki/Pakistan_Steel_Mills_Karachi,43.41,1969-01-01 00:00:00,1973-12-30 00:00:00,1981,unknown,2015,2024-06-01 00:00:00,,,960.0,,"semi-finished, finished rolled","sheet, billet, coil, pig iron, slab",unknown,9350,yes,unknown,no,BF; BOF,110 MW thermal power plant and turbo blower station,unknown,unknown,24.809977,67.35244,43.41,960.0,24.8099770,67.3524400,POINT (67.35244 24.809977)
841,P100000120277,Pangang Group Panzhihua Steel Vanadium Co Ltd,攀钢集团攀枝花钢钒有限公司,,,Panzhihua Steel Group Panzhihua Steel Vanadium Co Ltd,攀钢集团攀枝花钢钒有限公司,E100000123187,unknown,,Ansteel Group Co Ltd [100.0%],E100000124667 [100.0%],5037655487 [100.0%],unknown,四川省攀枝花市东区向阳村,Xiangyang,Sichuan,China,Asia Pacific,"26.5652650, 101.6737370",exact,https://www.gem.wiki/Pangang_Group_Panzhihua_Steel_Vanadium_Co_Ltd,61,unknown,unknown,1965,unknown,unknown,unknown,,13000.0,3450.0,,finished rolled,"rail, special","automotive, building and infrastructure, tools and machinery",8939,expired,expired,no,BF; BOF,unknown,unknown,unknown,26.565265,101.673737,61.0,16450.0,26.5652650,101.6737370,POINT (101.673737 26.565265)
844,P100000120775,Panhua Group Sarangani steel plant,,,,Panhua Group Co Ltd,,E100000131086,5079238817,,Panhua Group Co Ltd [100.0%],E100000131086 [100.0%],5079238817 [100.0%],"Kamanga Agro-Industrial Ecozone, Maasim, Sarangani, Philippines",,Maasim,Sarangani,Philippines,Asia Pacific,"5.8665500, 125.0787510",exact,https://www.gem.wiki/Panhua_Group_Sarangani_steel_plant,0,unknown,2022,2025-05-01 00:00:00,unknown,unknown,unknown,,2880.0,1200.0,,"semi-finished, finished rolled","galvanized, slab, coil, billet",building and infrastructure,30000,unknown,unknown,no,BF; BOF,"15-megawatt run-of-river hydroelectric power plant, South Cotabato Electric Cooperative, 60MW Gas Electric Generator",unknown,unknown,5.86655,125.078751,0.0,4080.0,5.8665500,125.0787510,POINT (125.078751 5.86655)
846,P100000120586,Pasargad Steel Complex Fars,مجتمع صنعتی ذوب آهن پاسارگاد,"Pasargad Alloy Steel Complex, Pasargad Steel Industrial Complex, PASCO","مجتمع فولاد پاسارگاد, صنایع فولاد آلیاژی پاسارگاد",Pasargad Steel Complex Co,,E100000131131,unknown,,Pasargad Steel Complex Co [100.0%],E100000131131 [100.0%],unknown [100.0%],"Kavar, Fars Province, Iran",,Kavar,Fars,Iran,Middle East,"29.1910190, 52.8454050",exact,https://www.gem.wiki/Pasargad_Steel_Complex_Fars,13,unknown,unknown,2013,unknown,unknown,unknown,,,,3400.0,"semi-finished, finished rolled","bloom, billet, wire rod, pipe","automotive, building and infrastructure, tools and machinery",unknown,2023,unknown,no,DRI; EAF,unknown,iron ore mines nationwide,,29.191019,52.845405,13.0,3400.0,29.1910190,52.8454050,POINT (52.845405 29.191019)
847,P100000120017,Pavgord Zenica steel plant,Nova Željezara,ArcelorMittal Zenica steel plant (predecessor),,Pavgord doo,,E100001013687,5043339571,,Pavgord doo [100.0%],E100001013687 [100.0%],5043339571 [100.0%],"Bulevar Kralja Tvrtka I, no. 17, 72000 Zenica, Bosnia and Herzegovina",,Zenica,Zenica-Doboj,Bosnia and Herzegovina,Europe,"44.2244460, 17.8998150",exact,https://www.gem.wiki/Pavgord_Zenica_steel_plant,134,unknown,unknown,1892,unknown,unknown,unknown,,1875.0,,,"semi-finished, finished rolled","billet, wire rod, rebar","building and infrastructure, tools and machinery",1900,unknown,unknown,no,BF; BOF; EAF,Toplana Zenica,Prijedor Mine (GIOMT P100000128135),unknown,44.224446,17.899815,134.0,1875.0,44.2244460,17.8998150,POINT (17.899815 44.224446)
853,P100001061348,PGS Geraldton Green Iron Plant,,Progressive Green Solutions,,Progressive Green Solutions JV,,E100002017302,5083639175,,Progressive Green Solutions JV [100.0%],E100002017302 [100.0%],5083639175 [100.0%],unknown,,Geraldton,Mid West,Australia,Asia Pacific,"-28.7072500, 114.9001630",approximate,https://www.gem.wiki/PGS_Geraldton_Green_Iron_Plant,,2025,unknown,2030,unknown,unknown,unknown,,,,30000.0,crude,"HBI, pellets",unknown,unknown,unknown,unknown,no,DRI,2.6GW wind/solar,Karara Iron Ore Mine (P100000128058),unknown,-28.70725,114.900163,,30000.0,-28.7072500,114.9001630,POINT (114.900163 -28.70725)
860,P100000120699,POSCO Gwangyang steel plant,,Pohang Iron & Steel Gwangyang,,POSCO Holdings Inc,포스코홀딩스(주),E100000000953,4295881204,Partial,POSCO Holdings Inc [100.0%],E100000000953 [100.0%],4295881204 [100.0%],"20-26, Pokposarang-gil, Gwangyang-si, Jeollanam-do, Republic of Korea",,Gwangyang,South Jeolla,South Korea,Asia Pacific,"34.9200860, 127.7486500",exact,https://www.gem.wiki/POSCO_Gwangyang_steel_plant,39,unknown,1985,1987,unknown,unknown,unknown,54.0,8826.0,2850.0,,finished rolled,"galvanized, wire rod, plate, cold rolled, hot rolled","automotive, building and infrastructure, energy, steel packaging, tools and machinery, transport",4080,2024-07-30 00:00:00,2024-09-25 00:00:00,expired,BF; BOF; DRI; EAF,4 generation plants each with 2 energy generation facilities (for a total of 8),Imported from Australia,Imported from Australia,34.920086,127.74865,39.0,11730.0,34.9200860,127.7486500,POINT (127.74865 34.920086)
861,P100000120700,POSCO Pohang steel plant,,Pohang Iron & Steel,,POSCO Holdings Inc,포스코홀딩스(주),E100000000953,4295881204,Partial,POSCO Holdings Inc [100.0%],E100000000953 [100.0%],4295881204 [100.0%],"6262, Donghaean-ro, Nam-gu, Pohang-si, Gyeongsangbuk-do, Republic of Korea",,Pohang,North Gyeongsang,South Korea,Asia Pacific,"36.0093100, 129.3945080",exact,https://www.gem.wiki/POSCO_Pohang_steel_plant,53,1967-06-30 00:00:00,1967-10-03 00:00:00,1973,unknown,unknown,unknown,,,1500.0,,finished rolled,"galvanized, wire rod, plate, cold rolled, hot rolled","automotive, building and infrastructure, energy, steel packaging, tools and machinery, transport",6920,2024-07-30 00:00:00,2021,expired,BF; BOF; DRI; EAF; Iron other/unspecified,unknown,Imported from Australia (Pilbara iron ore),Tanoma coal mine,36.00931,129.394508,53.0,1500.0,36.0093100,129.3945080,POINT (129.394508 36.00931)
862,P100000121161,POSCO Port Hedland Iron Project,,Port Hedland Iron Project,,Port Hedland Iron Pty Ltd,,E100002009156,5091619563,Partial,POSCO Holdings Inc [100.0%],E100000000953 [100.0%],4295881204 [100.0%],"Boodarie Strategic Industrial Area, West Australia, Australia",,Boodarie Strategic Industrial Area,Western Australia,Australia,Asia Pacific,"-20.3958320, 118.5379750",exact,https://www.gem.wiki/POSCO_Port_Hedland_Iron_Project,,2022-05-01 00:00:00,2025,2028,unknown,unknown,unknown,,,,700.0,crude,HBI,unknown,400,unknown,unknown,no,DRI,renewable energy project in Pilbara with Engie (it will be powered entirely with renewables by 2050),Pilbara iron ore,unknown,-20.395832,118.537975,,700.0,-20.3958320,118.5379750,POINT (118.537975 -20.395832)
865,P100000120558,Prakash Industries Janjgir steel plant,,PIL,,Prakash Industries Ltd,,E100000121137,4295873868,,Prakash Industries Ltd [100.0%],E100000121137 [100.0%],4295873868 [100.0%],"Village – Champa, Distt. Janjgir, Chhattisgarh – 495671",,Janjgir,Chhattisgarh,India,Asia Pacific,"22.0046940, 82.6716660",exact,https://www.gem.wiki/Prakash_Industries_Janjgir_steel_plant,33,1991-11-01 00:00:00,unknown,1993,unknown,unknown,unknown,,1650.0,,,"crude, semi-finished","bloom, billet, DRI",unknown,2404,yes,yes,no,DRI; IF,Captive power plant,unknown,unknown,22.004694,82.671666,33.0,1650.0,22.0046940,82.6716660,POINT (82.671666 22.004694)
872,P100000120710,Qarmet steel plant,АМТ,"Karaganda Steel Works, ArcelorMittal Temirtau steel plant (predecessor), QIC Qarmet steel plant","Карагандинский металлургический комбинат, АрселорМиттал Темиртау",Qazaqstan Steel Group LLP,"""QAZAQSTAN STEEL GROUP"" ЖШС",E100002003233,unknown,,Qazaqstan Steel Group LLP [100.0%],E100002003233 [100.0%],unknown [100.0%],"Temirtau, Karaganda Region, 100000, Kazakhstan",,Temirtau,Karaganda,Kazakhstan,Eurasia,"50.0317660, 72.9948630",exact,https://www.gem.wiki/Qarmet_steel_plant,66,unknown,unknown,1960,unknown,unknown,unknown,,5000.0,2446.0,,"semi-finished, finished rolled","tinplate, galvanized, rebar, plate, coke, coated, bloom, pipe, coil, billet, slab, square",tools and machinery,35000,yes,unknown,no,BF; BOF,"Karaganda Steel Works power station (ТЭЦ-ПВС Карагандинского металлургического комбината) and Karaganda TPS-2 power station (ТЭЦ -2 АО ""Арселор Миттал Темиртау"")",Orken Lisakovskoe Mine (P100000128229); Orken Kentobe Mine (P100000128575); Orken Atasu Mine (P100000128584); Orken Atansor Mine (P100000128574),8 coal mines across Karaganda region,50.031766,72.994863,66.0,7446.0,50.0317660,72.9948630,POINT (72.994863 50.031766)
874,P100000120594,Qeshm Steel Development Hormuzgan plant,شکرت توسعه فولاد قشم,,,Qeshm Steel Development Co,شرکت توسعه فولاد قشم,E100000131134,5083443486,,Qeshm Steel Development Co [100.0%],E100000131134 [100.0%],5083443486 [100.0%],"Qeshm Free Zone, Iran",,Qeshm Free Zone,Hormuzgan,Iran,Middle East,"26.8264940, 55.9577080",approximate,https://www.gem.wiki/Qeshm_Steel_Development_Hormuzgan_plant,unknown,2014,unknown,unknown,unknown,unknown,unknown,,,,5000.0,unknown,unknown,unknown,unknown,unknown,unknown,no,DRI; EAF,500 MW onsite power plant,unknown,,26.826494,55.957708,,5000.0,26.8264940,55.9577080,POINT (55.957708 26.826494)
875,P100000120110,Qian an Jiujiang Wire Co Ltd,迁安市九江线材有限公司,"Qian'an Jiujiang Wire Co., Ltd., Qian'an Liangang Jiujiang Steel Co., Ltd., Tangshan Great Wall Iron and Steel Group Jiujiang Wire Co., Ltd., Hebei Iron and Steel Group Jiujiang Wire Co., Ltd.","唐山长城钢铁集团九江线材有限公司, 迁安联钢九江钢铁有限公司, 河北钢铁集团九江线材有限公司",Qian'an City Jiujiang Wire Co Ltd,迁安市九江线材有限责任公司,E100000123190,unknown,,Qian'an City Jiujiang Wire Co Ltd [100.0%],E100000123190 [100.0%],unknown [100.0%],"Songting Village, Muchangkou Town, Qian'an City, Tangshan City, Hebei Province",河北省唐山市迁安市木厂口镇松汀村南,Tangshan,Hebei,China,Asia Pacific,"39.9522090, 118.5594440",exact,https://www.gem.wiki/Qian_an_Jiujiang_Wire_Co_Ltd,24,unknown,unknown,2002,unknown,unknown,unknown,,16000.0,,4800.0,finished rolled,"wire rod, round bar, hot rolled",building and infrastructure,12181,unknown,unknown,no,BF; BOF; EAF,unknown,unknown,unknown,39.952209,118.559444,24.0,20800.0,39.9522090,118.5594440,POINT (118.559444 39.952209)
878,P100001063756,Qinglong Manchu Autonomous County Delong Foundry Development Co Ltd,青龙满族自治县德龙铸业开发有限公司,,河北安丰钢铁集团德龙铸业有限公司,Qinglong Manzhu Autonomous County Delong Casting Industry Development Co Ltd,,E100002020762,5081483392,,Qinglong Manzhu Autonomous County Delong Casting Industry Development Co Ltd [100.0%],E100002020762 [100.0%],5081483392 [100.0%],unknown,德龙铸业位于青龙满族自治县大巫岚镇,"Qinhuangdao,",Hebei,China,Asia Pacific,"40.427008, 119.219855",exact,https://www.gem.wiki/Qinglong_Manchu_Autonomous_County_Delong_Foundry_Development_Co_Ltd,15.87,unknown,unknown,2010-04-09 00:00:00,unknown,unknown,unknown,,1850.0,,1200.0,unknown,unknown,unknown,1011,no,no,no,BF; BOF,unknown,unknown,unknown,40.427008,119.219855,15.87,3050.0,40.427008,119.219855,POINT (119.219855 40.427008)
879,P100000120372,Qinhuangdao Baigong Steel Co Ltd,秦皇岛佰工钢铁有限公司,,,Qinhuangdao Baigong Steel Co Ltd,秦皇岛佰工钢铁有限公司,E100000126741,unknown,,Tangshan Universal Industrial Development Co Ltd [100.0%],E100000128122 [100.0%],unknown [100.0%],"Shimen Town, Lulong County, Qinhuangdao City, Hebei Province",河北省秦皇岛市卢龙县石门镇西,Qinhuangdao,Hebei,China,Asia Pacific,"39.7487730, 118.8194720",exact,https://www.gem.wiki/Qinhuangdao_Baigong_Steel_Co_Ltd,20,unknown,unknown,2006,unknown,unknown,unknown,,4200.0,,,finished rolled,"coil, wire, sheet, bar",unknown,2303,2025-10-21 00:00:00,2024-09-12 00:00:00,no,BF; BOF; EAF,unknown,unknown,unknown,39.748773,118.819472,20.0,4200.0,39.7487730,118.8194720,POINT (118.819472 39.748773)
880,P100000120152,Qinhuangdao Hongxing Iron and Steel Co Ltd,秦皇岛宏兴钢铁有限公司,"Changli Hongxing Industrial Co., Ltd.",昌黎县宏兴实业有限公司,Qinhuangdao Hongxing Iron & Steel Co Ltd,秦皇岛宏兴钢铁有限公司,E100000126509,unknown,,Qinhuangdao Hongxing Iron & Steel Co Ltd [100.0%],E100000126509 [100.0%],unknown [100.0%],"No. 1 Luanhe Street, Changli Circular Economy Industrial Park, Western Economic Development Zone, Qinhuangdao City, Hebei Province",河北省秦皇岛西部经济开发区昌黎循环经济产业园滦河大街1号(昌黎县朱各庄镇指挥村北),Qinhuangdao,Hebei,China,Asia Pacific,"39.7007210, 118.8714770",exact,https://www.gem.wiki/Qinhuangdao_Hongxing_Iron_and_Steel_Co_Ltd,24,unknown,unknown,2002,unknown,unknown,unknown,,7850.0,,2000.0,finished rolled,"wire rod, rebar, strip, round bar, hot rolled",unknown,3581,expired,expired,no,BF; BOF,Photovoltaic Power Generation,unknown,unknown,39.700721,118.871477,24.0,9850.0,39.7007210,118.8714770,POINT (118.871477 39.700721)
885,P100001025938,Rashmi Green Hydrogen Steel Kharagpur steel plant,,,,Rashmi Green Hydrogen Steel Pvt Ltd,,E100002005355,5086734197,,Rashmi Green Hydrogen Steel Pvt Ltd [100.0%],E100002005355 [100.0%],5086734197 [100.0%],unknown,,Kharagpur,West Bengal,India,Asia Pacific,"22.3314890, 87.3980850",exact,https://www.gem.wiki/Rashmi_Green_Hydrogen_Steel_Kharagpur_steel_plant,unknown,2022,2023,unknown,unknown,unknown,unknown,,4000.0,1000.0,1200.0,finished rolled,"ferro alloys, tube, pipe, strip, di pipe",building and infrastructure,3000,unknown,unknown,no,BF; BOF,230 MW CPP (80 MW WHRB; 150 MW CFBC); 49 MW from grid (WBSEDCL),"Barbil-Joda, Odisha","BCCL, Dhanbad",22.331489,87.398085,,6200.0,22.3314890,87.3980850,POINT (87.398085 22.331489)
887,P100000120555,Rashmi Metaliks Kharagpur steel plant,,RML Kharagpur,,Rashmi Metaliks Ltd,,E100000130890,4298375168,,Rashmi Metaliks Ltd [100.0%],E100000130890 [100.0%],4298375168 [100.0%],"Village Gokulpur, P.O. Shyamraipur, P.S. Kharagpur (Local), District West Medinipur, West Bengal, India",,Kharagpur,West Bengal,India,Asia Pacific,"22.3606640, 87.2959320",exact,https://www.gem.wiki/Rashmi_Metaliks_Kharagpur_steel_plant,22,unknown,unknown,2004,unknown,unknown,unknown,,600.0,,2100.0,"crude, semi-finished, finished rolled","wire rod, bar, pipe, billet, pig iron, DRI, di pipe",unknown,unknown,expired,unknown,no,BF; IF,One captive power plant (25 MW),"Barbil-Joda, Odisha","BCCL, Dhanbad or imported",22.360664,87.295932,22.0,2700.0,22.3606640,87.2959320,POINT (87.295932 22.360664)
890,P100000120531,RINL Vizag Steel plant,,"Rashtriya Ispat Nigam Limited, RINL, Visakhapatnam Steel Plant",,Rashtriya Ispat Nigam Ltd,,E100000001935,4296922665,Full,Rashtriya Ispat Nigam Ltd [100.0%],E100000001935 [100.0%],4296922665 [100.0%],"Visakhapatnam Steel Plant, Visakhapatnam 530031, Andhra Pradesh, India",,Visakhapatnam,Andhra Pradesh,India,Asia Pacific,"17.6128460, 83.1919180",exact,https://www.gem.wiki/RINL_Vizag_Steel_plant,37,1970,1971,1989,unknown,unknown,unknown,,10101.0,4200.0,,"semi-finished, finished rolled","wire rod, rebar, channel, bar, billet, pig iron, rounds, special",building and infrastructure,12794,yes,yes,no,BF; BOF,"Power generated at two captive power plants, solar power plant, back pressure turbine station (BPTS), Gas Expansion Turbine Station (GET), waste heat recovery at sinter plant.",NMDC Donimalai (P100000128467); SAIL Rourkela mine,Russia; Central Coalfields,17.612846,83.191918,37.0,14301.0,17.6128460,83.1919180,POINT (83.191918 17.612846)
904,P100000120569,Rungta Mines Dhenkanal steel plant,,RML Odisha,,Rungta Mines Ltd,,E100000130898,4298502619,,Rungta Mines Ltd [100.0%],E100000130898 [100.0%],4298502619 [100.0%],"Jhadabandh, PO-Nimabahali, Meramandali, Dist-Dhenkanal, Odisha-759121, India",,Jhadabandh,Odisha,India,Asia Pacific,"20.7645240, 85.2993180",exact,https://www.gem.wiki/Rungta_Mines_Dhenkanal_steel_plant,5,2018,unknown,2021,unknown,unknown,unknown,,2827.0,1070.0,28750.0,finished rolled,"wire rod, bar",unknown,unknown,unknown,unknown,no,DRI; IF; BF; BOF; EAF,695 MW Captive power plant,unknown,unknown,20.764524,85.299318,5.0,32647.0,20.7645240,85.2993180,POINT (85.299318 20.764524)
906,P100000121185,Rungta Mines Karakhendra steel plant,,Karakhendra Steel Plant,,Rungta Mines Ltd,,E100000130898,4298502619,,Rungta Mines Ltd [100.0%],E100000130898 [100.0%],4298502619 [100.0%],"Karakhendra, Main Road, Barbil, Kendujhar- 758035, Odisha, India",,Karakhendra,Odisha,India,Asia Pacific,"22.1401740, 85.4146160",exact,https://www.gem.wiki/Rungta_Mines_Karakhendra_steel_plant,0,2016,2018,2026,unknown,unknown,unknown,,554.0,280.0,1474.0,"semi-finished, finished rolled","flat, round bar, rolled wire rod, billet, bloom, slab",unknown,1260,unknown,unknown,no,IF; BF; DRI; EAF,90 MW Captive power plant,unknown,unknown,22.140174,85.414616,0.0,2308.0,22.1401740,85.4146160,POINT (85.414616 22.140174)
915,P100000120525,SAIL Bhilai steel plant,,BSP,,Steel Authority of India Ltd,,E100001000703,4295872623,Partial,Steel Authority of India Ltd [100.0%],E100001000703 [100.0%],4295872623 [100.0%],"Bhilai Steel Plant, Bhilai, Chhattisgarh 490021, India",,Bhilai,Chhattisgarh,India,Asia Pacific,"21.1851570, 81.3942070",exact,https://www.gem.wiki/SAIL_Bhilai_steel_plant,67,unknown,unknown,1959,unknown,unknown,unknown,,9235.0,3940.0,,semi-finished,"wire rod, rail, plate, bar","automotive, building and infrastructure, energy, transport",16407,yes,yes,no,BF; BOF; Iron other/unspecified,Bhilai Steel power station; 15 MW floating solar power plant (upcoming),SAIL Dalli Mine (P100000128475); SAIL Jharan Dalli Mine (P100000128918); SAIL Mahamaya-Dulki Mine (P100000128532); SAIL Rajhara Mine (P100000128495); SAIL Rowghat Mine (P100000128533),unknown,21.185157,81.394207,67.0,13175.0,21.1851570,81.3942070,POINT (81.394207 21.185157)
916,P100000120526,SAIL Bokaro steel plant,,"Bokaro Steel Limited, BSL",,Steel Authority of India Ltd,,E100001000703,4295872623,Partial,Steel Authority of India Ltd [100.0%],E100001000703 [100.0%],4295872623 [100.0%],"Marafari, Bokaro Steel City, Jharkhand 827011, India",,Bokaro Steel City,Jharkhand,India,Asia Pacific,"23.6716770, 86.1068700",exact,https://www.gem.wiki/SAIL_Bokaro_steel_plant,54,1964-01-01 00:00:00,1968-04-06 00:00:00,1972,unknown,unknown,unknown,,6900.0,4212.0,,"semi-finished, finished rolled","coil, sheet, plate, galvanized coils and sheets, cold rolled, hot rolled","automotive, building and infrastructure, steel packaging, tools and machinery, transport",11798,yes,yes,no,BF; BOF; Steel other/unspecified,BPSCL Captive power plant and balance from Damodar Valley Corporation (DVC),SAIL Bolani Mine (P100000128461); SAIL Kiriburu Mine (P100000128455); SAIL Meghahatuburu Mine (P100000128530); SAIL Kalta Mine (P100000128480),"Jharia coalfields, BCCL & imported from Australia",23.671677,86.10687,54.0,11112.0,23.6716770,86.1068700,POINT (86.10687 23.671677)
917,P100000120527,SAIL Durgapur steel plant,,DSP,,Steel Authority of India Ltd,,E100001000703,4295872623,Partial,Steel Authority of India Ltd [100.0%],E100001000703 [100.0%],4295872623 [100.0%],"Industrial Area, Durgapur, West Bengal 713203, India",,Durgapur,West Bengal,India,Asia Pacific,"23.5484300, 87.2452470",exact,https://www.gem.wiki/SAIL_Durgapur_steel_plant,67,unknown,unknown,1959,unknown,unknown,unknown,,3300.0,1700.0,,"crude, semi-finished","rail, beam, bar","building and infrastructure, transport",7855,yes,yes,no,BF; BOF,"NSPCL, DVC and Emergency power from Captive Power",SAIL Gua (Duarguiburu) Mine (P100000128471); SAIL Kiriburu Mine (P100000128455); SAIL Meghahatuburu Mine (P100000128530); SAIL Barsua Mine (P100000128517); SAIL Taldih Mine (P100000128525); SAIL Kalta Mine (P100000128480); SAIL Bolani Mine (P100000128461),Imported / BCCL Chasnala / CCL,23.54843,87.245247,67.0,5000.0,23.5484300,87.2452470,POINT (87.245247 23.54843)
918,P100000120524,SAIL IISCO steel plant,,"Steel Corporation of Bengal (predecessor), SAIL Burnpur steel plant, ISP, Bengal Iron Works Co (predecessor), Indian Iron & Steel Company (predecessor)",,Steel Authority of India Ltd,,E100001000703,4295872623,Partial,Steel Authority of India Ltd [100.0%],E100001000703 [100.0%],4295872623 [100.0%],"IISCO Steel Plant, Burnpur - 713325, District - Barddhaman, West Bengal, India",,Barddhaman,West Bengal,India,Asia Pacific,"23.6732360, 86.9261790",exact,https://www.gem.wiki/SAIL_IISCO_steel_plant,108,unknown,unknown,1918,unknown,unknown,unknown,,3880.0,880.0,,semi-finished,"rebar, wire, bar",unknown,5945,yes,unknown,no,BF; BOF,unknown,SAIL Gua (Duarguiburu) Mine (P100000128471); SAIL Gua (Jhillingburu I) Mine (P100000128871); SAIL Gua (Jhillingburu II) Mine (P100000128872),"Chasnalla and Jitpur, Jharkhand; Ramnagar coal mine, West Bengal",23.673236,86.926179,108.0,4760.0,23.6732360,86.9261790,POINT (86.926179 23.673236)
921,P100000120528,SAIL Rourkela steel plant,,RSP,,Steel Authority of India Ltd,,E100001000703,4295872623,Partial,Steel Authority of India Ltd [100.0%],E100001000703 [100.0%],4295872623 [100.0%],"Rourkela Steel Plant Area, Rourkela, Odisha 769011, India",,Rourkela,Odisha,India,Asia Pacific,"22.2108040, 84.8689500",exact,https://www.gem.wiki/SAIL_Rourkela_steel_plant,67,1953,unknown,1959,unknown,unknown,unknown,,6776.0,768.0,2000.0,"semi-finished, finished rolled","pipe, coil, sheet, plate","automotive, building and infrastructure, energy, steel packaging, tools and machinery, transport",12938,yes,yes,no,BF; BOF,"Captive power plant #1 (1959, updated 1978), Rourkela Works-2 power station",SAIL Barsua Mine (P100000128517); SAIL Bolani Mine (P100000128461); SAIL Kalta Mine (P100000128480); SAIL Taldih Mine (P100000128525),domestic,22.210804,84.86895,67.0,9544.0,22.2108040,84.8689500,POINT (84.86895 22.210804)
924,P100000120076,Sansteel Minguang Co Ltd Fujian plant,福建三钢闽光股份有限公司,,三钢集团三明本部,Sansteel Minguang Co Ltd Fujian,福建三钢闽光股份有限公司,E100000123167,unknown,Partial,Fujian Metallurgical Holding Co Ltd [53.4%]; unknown [46.6%],E100000124862 [53.4%]; E100000132388 [46.6%],unknown [53.4%]; unknown [46.6%],"Qungongsan Road, Sanyuan District, Sanming City, Fujian Province",福建省三明市三元区群工三路,Sanming,Fujian,China,Asia Pacific,"26.2611090, 117.6147090",exact,https://www.gem.wiki/Sansteel_Minguang_Co_Ltd_Fujian_plant,25,unknown,unknown,2001,unknown,unknown,unknown,,11715.0,532.0,1586.0,finished rolled,"round bar, plate","building and infrastructure, tools and machinery, transport",12516,2023-06-25 00:00:00,2025-06-24 00:00:00,no,BF; BOF,2×80MW Heat Recovery Coke Ovens with Matching Dry Quenching and Efficient Power Generation from Waste Heat Steam,unknown,unknown,26.261109,117.614709,25.0,13833.0,26.2611090,117.6147090,POINT (117.614709 26.261109)
934,P100000120818,Severstal Cherepovets steel plant,Череповецкий металлургический комбинат,"Cherepovets Steel Mill, CherMK","ЧерМК, Северсталь Российская Сталь Череповец",Severstal PJSC,"ПАО ""СЕВЕРСТАЛЬ""",E100000002088,4295887053,,Severstal PJSC [100.0%],E100000002088 [100.0%],4295887053 [100.0%],"30 Mira Street, Vologda Region, Cherepovets, Russia, 162600","162600, Российская Федерация, Вологодская область, г. Череповец, ул. Мира, д. 30",Cherepovets,Vologda,Russia,Eurasia,"59.1439980, 37.8629500",exact,https://www.gem.wiki/Severstal_Cherepovets_steel_plant,71,1940,1947,1955,unknown,unknown,unknown,,4000.0,4702.0,10000.0,"semi-finished, finished rolled","rod, coated, bar, pipe, cold rolled, hot rolled, slab","automotive, building and infrastructure, energy, steel packaging, tools and machinery, transport",29341,2024-03-29 00:00:00,unknown,no,BF; BOF; EAF,Severstal PBS power station provides heat and electricity to the steel plant.; Severstal EBS power station provides heat and electricity to BF-5,Severstal Karelsky Okatysh Complex Mine (P100000128769); Severstal Olcon Complex Mine (P100000129380); Severstal Yakovlevsky Mine (P100000128823),Kuznetsky Yuzhny Coal Mine (M4262); Pechorsky coal field,59.143998,37.86295,71.0,18702.0,59.1439980,37.8629500,POINT (37.86295 59.143998)
935,P100000121056,Shaanxi Hanzhong Iron & Steel Group Company,陕西汉中钢铁集团有限公司,,陕西汉中钢铁有限公司,Shaanxi Hanzhong Iron & Steel Group Co,陕西汉中钢铁集团有限公司,E100000127041,unknown,,Shaanxi Hanzhong Iron & Steel Group Co [100.0%],E100000127041 [100.0%],unknown [100.0%],unknown,陕西省汉中市勉县定军山,Dingjunshan,Shaanxi,China,Asia Pacific,"33.1324460, 106.6576460",exact,https://www.gem.wiki/Shaanxi_Hanzhong_Iron_&_Steel_Group_Company,25.33,unknown,unknown,2000-10-20 00:00:00,unknown,unknown,unknown,,,600.0,,finished rolled,belt,"building and infrastructure, tools and machinery",3019,2025-05-19 00:00:00,no,no,BF; EAF,State Grid Hanzhong Power Supply Company Direct Power Supply &Waste Heat Recovery Power Generation,unknown,unknown,33.132446,106.657646,25.33,600.0,33.1324460,106.6576460,POINT (106.657646 33.132446)
943,P100000121191,Shakambhari Ispat and Power Purulia steel plant,,,,Shakambhari Ispat & Power Ltd,,E100001012202,5063329547,,Shakambhari Group,E100001012203,unknown,"Village: Parvatpur, Madanih, Radhamadabpur",,Raghunathpur,West Bengal,India,Asia Pacific,"23.6138610, 86.7895270",exact,https://www.gem.wiki/Shakambhari_Ispat_and_Power_Purulia_steel_plant,25,unknown,unknown,2001,unknown,unknown,unknown,,198.0,,198.0,"semi-finished, finished rolled","billet, DRI, bar",unknown,1700,expired,unknown,no,DRI; IF; BF,99 MW CPP (being enhanced to 126 MW),unknown,unknown,23.613861,86.789527,25.0,396.0,23.6138610,86.7895270,POINT (86.789527 23.613861)
946,P100000120249,Shandong Fulun Iron and Steel Co Ltd,山东富伦钢铁有限公司,,山东九羊集团有限公司,Fulun Iron & Steel Co Ltd,山东富伦钢铁有限公司,E100000126317,unknown,,Shandong Xiangxin Investment Holding Co Ltd [93.3%]; unknown [6.7%],E100000128405 [93.3%]; E100000132388 [6.7%],5079919872 [93.3%]; unknown [6.7%],No. 2 Zhengtong Road,山东省济南市莱芜区羊里镇政通路2号,Yangli,Shandong,China,Asia Pacific,"36.3084470, 117.5404250",exact,https://www.gem.wiki/Shandong_Fulun_Iron_and_Steel_Co_Ltd,22.63,unknown,unknown,2003-07-03 00:00:00,unknown,unknown,unknown,,,1100.0,,finished rolled,"pipe, rounds, wire, strip","building and infrastructure, tools and machinery, transport",3095,2024-07-25 00:00:00,2023-11-03 00:00:00,no,BF; BOF,unknown,unknown,unknown,36.308447,117.540425,22.63,1100.0,36.3084470,117.5404250,POINT (117.540425 36.308447)
947,P100000120241,Shandong Guangfu Group Co Ltd,山东广富集团有限公司,"Shandong Guangfu Iron and Steel Co., Ltd.",山东广富钢铁有限公司,Shandong Guangfu Group Co Ltd,山东广富集团有限公司,E100000122786,unknown,,natural person(s) [89.3%]; Shandong Chaote High End Equipment Technology Co Ltd [10.7%],E100000123261 [89.3%]; E100000123774 [10.7%],unknown [89.3%]; unknown [10.7%],Qinglongshan Industrial park,山东省邹平县青阳镇青龙山工业园,Qingyang,Shandong,China,Asia Pacific,"36.8631450, 117.6169180",exact,https://www.gem.wiki/Shandong_Guangfu_Group_Co_Ltd,39,unknown,unknown,1983,unknown,2022,2022,,,1900.0,,"semi-finished, finished rolled","rebar, billet, coil, round bar, wire",unknown,unknown,unknown,unknown,no,BF; BOF; EAF,Coal Power Plant Unit,unknown,unknown,36.863145,117.616918,39.0,1900.0,36.8631450,117.6169180,POINT (117.616918 36.863145)
966,P100000120266,Shanxi Hongda Iron and Steel Group Co Ltd,山西宏达钢铁集团有限公司,Jinsu Smelting Plant (predecessor),晋苏冶炼厂(前身),Shanxi HONGDA Iron and Steel Group Co Ltd,山西宏达钢铁集团有限公司,E100000123200,unknown,,Shanxi HONGDA Iron and Steel Group Co Ltd [100.0%],E100000123200 [100.0%],unknown [100.0%],Xiaozhang,山西省运城市河津市僧楼镇小张村,Senglou,Shanxi,China,Asia Pacific,"35.7018950, 110.7868260",exact,https://www.gem.wiki/Shanxi_Hongda_Iron_and_Steel_Group_Co_Ltd,26.81,unknown,unknown,1999-04-28 00:00:00,unknown,unknown,unknown,,,,1300.0,"semi-finished, finished rolled","billet, wire, bar","building and infrastructure, tools and machinery",15,2023-08-18 00:00:00,2025-03-07 00:00:00,no,BF; BOF,unknown,unknown,unknown,35.701895,110.786826,26.81,1300.0,35.7018950,110.7868260,POINT (110.786826 35.701895)
971,P100000120262,Shanxi Liheng Steel Co Ltd,山西立恒钢铁股份有限公司,"Shanxi Liheng Steel Co., Ltd.",山西立恒钢铁集团股份有限公司,Shanxi Liheng Iron and Steel Co Ltd,山西立恒钢铁集团股份有限公司,E100000126363,unknown,,Shanxi Liheng Iron and Steel Co Ltd [100.0%],E100000126363 [100.0%],unknown [100.0%],Xibaiji,山西省临汾市曲沃县高显镇西白集村,Gaoxian,Shanxi,China,Asia Pacific,"35.7015410, 111.4267100",exact,https://www.gem.wiki/Shanxi_Liheng_Steel_Co_Ltd,17,unknown,unknown,2002-12-31 00:00:00,unknown,unknown,2020,,,3700.0,,finished rolled,"galvanized, h-beam, strip, pipe, coil, i-beam, angle, wire","automotive, building and infrastructure, energy, tools and machinery, transport",unknown,expired,expired,no,BF; BOF,unknown,unknown,unknown,35.701541,111.42671,17.0,3700.0,35.7015410,111.4267100,POINT (111.42671 35.701541)
973,P100000121151,Shanxi Meijin Iron and Steel Co Ltd Yuanping City,美锦钢铁公司,Meijin Steel Company,山西美锦钢铁有限公司,Shanxi Meijin Iron and Steel Co Ltd,山西美锦钢铁有限公司,E100000126886,unknown,,Meijin Energy Group Co Ltd [50.0%]; China New Energy Group Ltd [48.0%]; unknown [2.0%],E100000123821 [50.0%]; E100001010236 [48.0%]; E100000132388 [2.0%],5000490664 [50.0%]; unknown [48.0%]; unknown [2.0%],"Yuanping City, Shanxi Province",山西省原平市,Taiyuan,Shanxi,China,Asia Pacific,"38.7393000, 112.6890860",approximate,https://www.gem.wiki/Shanxi_Meijin_Iron_and_Steel_Co_Ltd_Yuanping_City,unknown,2021-05-01 00:00:00,unknown,unknown,unknown,unknown,unknown,,,,1200.0,finished rolled,"rod, coil, wire rod","building and infrastructure, tools and machinery",unknown,unknown,unknown,no,BF; BOF,unknown,unknown,unknown,38.7393,112.689086,,1200.0,38.7393000,112.6890860,POINT (112.689086 38.7393)
979,P100000120259,Shanxi Zhongyang Iron and Steel Co Ltd,山西中阳钢铁有限公司,,,Shanxi Zhongyang Iron & Steel Co Ltd,山西中阳钢铁有限公司,E100000122988,unknown,,Shanxi Zhongyang Iron & Steel Co Ltd [100.0%],E100000122988 [100.0%],unknown [100.0%],Northern Suburb of Zhongyang County,山西省吕梁市中阳县城北郊,Lvliang,Shanxi,China,Asia Pacific,"37.3707960, 111.1611180",exact,https://www.gem.wiki/Shanxi_Zhongyang_Iron_and_Steel_Co_Ltd,20.28,unknown,unknown,2005-11-10 00:00:00,unknown,unknown,unknown,,,1000.0,,finished rolled,"tube, rebar",unknown,7019,2025-07-28 00:00:00,2025-08-23 00:00:00,no,BF; BOF,unknown,unknown,unknown,37.370796,111.161118,20.28,1000.0,37.3707960,111.1611180,POINT (111.161118 37.370796)
983,P100000120246,Shiheng Special Steel Group Co Ltd,石横特钢集团有限公司,"Shandong Shiheng Special Steel Group Co., Ltd., Shandong Shiheng Special Steel Co., Ltd.",山东石横特钢集团有限公司,Shiheng SPECIAL Steel Group Co Ltd,石横特钢集团有限公司,E100000123204,unknown,,Shiheng Special Steel Holding Group Co Ltd [54.7%]; Hong Kong Wing Tai Holdings [22.0%]; unknown [15.9%]; Trade Union Committee of Shiheng Special Steel Group [7.4%],E100000124166 [54.7%]; E100000126043 [22.0%]; E100000132388 [15.9%]; E100000126042 [7.4%],unknown [54.7%]; unknown [22.0%]; unknown [15.9%]; unknown [7.4%],unknown,山东省泰安市肥城市石横镇,Shiheng,Shandong,China,Asia Pacific,"36.2292010, 116.5339810",exact,https://www.gem.wiki/Shiheng_Special_Steel_Group_Co_Ltd,25.15,unknown,unknown,2000-12-27 00:00:00,unknown,unknown,unknown,,,1000.0,,finished rolled,"rounds, profile","automotive, building and infrastructure, tools and machinery",7337,2023-12-28 00:00:00,2024-12-02 00:00:00,no,BF; BOF,unknown,unknown,unknown,36.229201,116.533981,25.15,1000.0,36.2292010,116.5339810,POINT (116.533981 36.229201)
997,P100000121192,Shri Bajrang Power & Ispat Tilda steel plant,,SBPIL,,Shri Bajrang Power and Ispat Ltd,,E100001012214,4298361778,,Banka Finance & Securities Pvt Ltd [15.9%]; Atlanta Securities Pvt Ltd [15.6%]; natural person(s) [6.3%]; Sukanya Merchandise Pvt Ltd [5.5%]; Bonus Dealcom Pvt Ltd [5.5%],E100001012215 [15.9%]; E100001012216 [15.6%]; E100000123261 [6.3%]; E100001012218 [5.5%]; E100001012219 [5.5%],unknown [15.9%]; 5035517336 [15.6%]; unknown [6.3%]; unknown [5.5%]; 5085422296 [5.5%],"Kh. No. 521/44, Village- Tandwa, Dharsiwa-Tilda Road, Tehsil- Tilda, Raipur (C.G.), 493116",,Tilda,Chhattisgarh,India,Asia Pacific,"21.4861900, 81.7716970",exact,https://www.gem.wiki/Shri_Bajrang_Power_&_Ispat_Tilda_steel_plant,13,2010,unknown,2013,unknown,unknown,unknown,,1000.0,500.0,1400.0,semi-finished,"coil, plate",unknown,unknown,yes,unknown,no,DRI; Steel other/unspecified; BF; BOF,100 MW Captive Power Plant,unknown,South Eastern Coal Field Limited,21.48619,81.771697,13.0,2900.0,21.4861900,81.7716970,POINT (81.771697 21.48619)
998,P100000121183,Shyam Metalics Jamuria steel plant,,,,Shyam Metalics and Energy Ltd,,E100001012152,5000933245,,Shyam Metalics and Energy Ltd [100.0%],E100001012152 [100.0%],5000933245 [100.0%],"Jamuria, West Bengal, India",,Jamuria,West Bengal,India,Asia Pacific,"23.6937490, 87.1227110",exact,https://www.gem.wiki/Shyam_Metalics_Jamuria_steel_plant,13,unknown,unknown,2013,unknown,unknown,unknown,,1110.0,,3000.0,"crude, semi-finished","pellets, rod, bar, billet, DRI",unknown,unknown,yes,unknown,no,BF; DRI; IF; EAF,94 MW Captive Power plant,"Barbil, Odisha",Central Coalfields Limited,23.693749,87.122711,13.0,4110.0,23.6937490,87.1227110,POINT (87.122711 23.693749)
999,P100000121184,Shyam Metalics Sambalpur steel plant,,,,Shyam Metalics and Energy Ltd,,E100001012152,5000933245,,Shyam Metalics and Energy Ltd [100.0%],E100001012152 [100.0%],5000933245 [100.0%],"Pandoli, Rengali, Sambalpur - 768212 Odisha, India",,Pandoli,Odisha,India,Asia Pacific,"21.6803440, 84.0417900",exact,https://www.gem.wiki/Shyam_Metalics_Sambalpur_steel_plant,20,unknown,unknown,2006,unknown,unknown,unknown,,,,3000.0,"crude, semi-finished","pellets, rod, bar, billet, DRI","automotive, building and infrastructure",3060,yes,unknown,no,DRI; IF; EAF; BF,118 MW Captive power plant,Kandahar mines and Gandhamardan mines,Talcher,21.680344,84.04179,20.0,3000.0,21.6803440,84.0417900,POINT (84.04179 21.680344)
1001,P100000121181,Shyam Steel Raghunathpur steel plant,,"JSK-II, Shyam Steel Purulia",,Shyam Steel Industries Ltd,,E100000130859,4298177772,,Shyam Steel Industries Ltd [100.0%],E100000130859 [100.0%],4298177772 [100.0%],"Raghunathpur Steel & Allied Industrial Park-II, Mouza - Lachhmanpur, Jarukhamar, Siulibari, Digardhi, Shikratyar, Senera Block – Raghunathpur-I, District- Purulia, West Bengal, India",,Raghunathpur,West Bengal,India,Asia Pacific,"23.5902120, 86.7246030",approximate,https://www.gem.wiki/Shyam_Steel_Raghunathpur_steel_plant,2,2021,unknown,2024,unknown,unknown,unknown,,1092.0,500.0,1200.0,semi-finished,"angle, bar",unknown,8000,unknown,unknown,no,DRI; IF; BF; BOF; EAF,57.5 MW WHRB from DRI and Coke Oven; 15 MW CFBC Boiler,"Odisha, Jharkhand, Chhattisgarh","Jharkhand, Odisha, West Bengal, and Imprted",23.590212,86.724603,2.0,2792.0,23.5902120,86.7246030,POINT (86.724603 23.590212)
1005,P100000120377,Sichuan Dazhou Iron and Steel Group Co Ltd,四川省达州钢铁集团有限责任公司,,,Sichuan Dazhou Iron & Steel Group Co Ltd,四川省达州钢铁集团有限责任公司,E100000126249,unknown,,Beijing Fangda International Industrial Investment Group Co Ltd [69.3%]; unknown [24.6%]; China Cinda Asset Management Co Ltd [6.1%],E100000128862 [69.3%]; E100000132388 [24.6%]; E100000123329 [6.1%],unknown [69.3%]; unknown [24.6%]; unknown [6.1%],"No. 25, Xihe Road",四川省达州市通川区西河路25号,unknown,Sichuan,China,Asia Pacific,"31.1894500, 107.4530990",exact,https://www.gem.wiki/Sichuan_Dazhou_Iron_and_Steel_Group_Co_Ltd,28.89,unknown,unknown,1997-04-01 00:00:00,unknown,unknown,unknown,,4300.0,2100.0,,finished rolled,"wire rod, rounds, rebar, hot rolled",unknown,3854,2023-11-02 00:00:00,expired,no,BF; BOF,unknown,unknown,unknown,31.18945,107.453099,28.89,6400.0,31.1894500,107.4530990,POINT (107.453099 31.18945)
1006,P100000120075,Sichuan Desheng Group Vanadium and Titanium Co Ltd,四川德胜集团钒钛有限公司,"Sichuan Desheng Group Steel Co., Ltd.",四川德胜集团钢铁有限公司,"Sichuan De Sheng Group, Vanadium and Titanium Co Ltd",四川德胜集团钒钛有限公司,E100000126458,unknown,,Haojun Development Group Co Ltd [49.0%]; natural person(s) [26.8%]; Yunnan Desheng Steel Co Ltd [14.0%]; Yunnan Desheng Logistics Co Ltd [10.2%],E100000128691 [49.0%]; E100000123261 [26.8%]; E100000126976 [14.0%]; E100000127448 [10.2%],unknown [49.0%]; unknown [26.8%]; unknown [14.0%]; unknown [10.2%],"No. 8 Tonghe Road South Section, Shawan District, Leshan City, Sichuan Province",四川省乐山市沙湾区铜河路南段8号,Leshan,Chongqing,China,Asia Pacific,"29.3979800, 103.5425320",exact,https://www.gem.wiki/Sichuan_Desheng_Group_Vanadium_and_Titanium_Co_Ltd,29,unknown,unknown,1997,unknown,unknown,unknown,,2800.0,,,finished rolled,"round bar, bar",unknown,3309,2023-05-29 00:00:00,no,no,BF; BOF,Waste heat and gas double super power generation,unknown,unknown,29.39798,103.542532,29.0,2800.0,29.3979800,103.5425320,POINT (103.542532 29.39798)
1014,P100000120440,Sider El Hadjar Annaba steel plant,مركب الحجار للحديد والصلب,"ArcelorMittal Annaba (predecessor), El Hadjar Iron and Steel Complex (predecessor), Sider Algeria S.p.A. (predecessor)",,Groupe Industriel Sider SpA,,E100001000960,5000941519,Full,Groupe Industriel Sider SpA [100.0%],E100001000960 [100.0%],5000941519 [100.0%],"El-Hadjar Complex, Commune Sidi Amar, Daira El Hadjar, BP 2055 Annaba, Algeria",,Sidi Amar,Annaba,Algeria,Africa,"36.7959240, 7.7076330",exact,https://www.gem.wiki/Sider_El_Hadjar_Annaba_steel_plant,57,1964,unknown,1969,unknown,unknown,unknown,,,1200.0,,"semi-finished, finished rolled","coil, rebar, sheet",unknown,5748,unknown,unknown,no,DRI; EAF; BF; BOF,unknown,unknown,Russia,36.795924,7.707633,57.0,1200.0,36.7959240,7.7076330,POINT (7.707633 36.795924)
1015,P100000121004,Sidor Ciudad Guayana steel plant,Siderúrgica Sidor,Siderúrgica del Orinoco,,Siderurgica del Orinoco Alfredo Maneiro CA,,E100000130923,5000051649,Full,Siderurgica del Orinoco Alfredo Maneiro CA [100.0%],E100000130923 [100.0%],5000051649 [100.0%],"Puerto Ordaz, Guayana City, Bolívar, Venezuela",,Guayana City,Bolívar,Venezuela,Central & South America,"8.2590730, -62.8411260",exact,https://www.gem.wiki/Sidor_Ciudad_Guayana_steel_plant,64,unknown,unknown,1962,unknown,unknown,unknown,,,,1825.0,"crude, semi-finished, finished rolled","tinplate, ingot, wire rod, rebar, sheet, bar, cold rolled, billet, hot rolled, slab","automotive, building and infrastructure, energy, steel packaging, tools and machinery, transport",12676,unknown,unknown,no,DRI; EAF,unknown,unknown,unknown,8.259073,-62.841126,64.0,1825.0,8.2590730,-62.8411260,POINT (-62.841126 8.259073)
1020,P100000121176,Sinobras Marabá steel plant,Usina Siderúrgica Sinobras Marabá,,,Siderurgica Norte Brasil SA,Siderúrgica Norte Brasil,E100001012180,4298261315,,WMA Participacoes SA [80.0%]; Aço Cearense Industrial Ltda [20.0%],E100001012181 [80.0%]; E100001012182 [20.0%],5043321788 [80.0%]; 4298254930 [20.0%],"Rodovia Gov. Augusto Montenegro, 6014, Distrito Industrial",,Marabá,Pará,Brazil,Central & South America,"-5.4142870, -49.0813050",exact,https://www.gem.wiki/Sinobras_Marabá_steel_plant,19,unknown,unknown,2007,unknown,unknown,unknown,,83.0,,,"semi-finished, finished rolled","billet, rebar, mesh, wire",building and infrastructure,1300,unknown,unknown,no,BF; EAF; BOF,unknown,Carajás mine,unknown,-5.414287,-49.081305,19.0,83.0,-5.4142870,-49.0813050,POINT (-49.081305 -5.414287)
1022,P100000120598,Sirjan Iranian Steel Kerman Plant,شرکت فولاد سیرجان ایرانیان,"Sirjan Steel, SISCO, Sirjan Bardsir",جتمع فولاد بردسیر,Iranian Sirjan Steel Co,,E100001012066,unknown,,Mabna Khavar Miyaneh Co; Pars Aryan Investment Co; Pasargad Arzesh Afarinan Co; Rahbord Sarmaye Iranian Co; small shareholder(s); Tejarat Pishegan Mihan Negar Pars Co,E100002020859; E100001015720; E100001015719; E100002020860; E100001015587; E100002020861,unknown; 5086606640; 5039187251; unknown; unknown; unknown,"Kerman, Bardsir Road, 7 km of Negar Road, Iran",,Bardsir,Kerman,Iran,Middle East,"29.9280620, 56.7365390",exact,https://www.gem.wiki/Sirjan_Iranian_Steel_Kerman_Plant,13,unknown,unknown,2013,unknown,unknown,unknown,,,,2500.0,"crude, semi-finished","ingot, DRI, sinter, pellets, billet",unknown,800,2022,2022,no,DRI; EAF,"Due to consistent problems with electricity supply, they are constructing their own power plant on site, 100 MW to start but could expand to 400","Gol Gohar Mine 2 and 4, also 6 when it opens",unknown,29.928062,56.736539,13.0,2500.0,29.9280620,56.7365390,POINT (56.736539 29.928062)
1055,P100000120449,Suez Steel Solb Misr Attaka plant,SSC,"Suez Steel Company, Solb Misr",مجمع سويس للصلب,Suez Steel Company SAE,,E100000130838,4297620530,,LITAT Holding Co Ltd,E100001016170,4297697038,Hurgada - Al Ismaileya Road,,Attaka,Suez,Egypt,Africa,"29.9278750, 32.4377440",exact,https://www.gem.wiki/Suez_Steel_Solb_Misr_Attaka_plant,26,unknown,unknown,2000,unknown,unknown,unknown,,,,5000.0,"semi-finished, finished rolled","slab, rebar, billet, coil, spool, beam",unknown,1500,yes,yes,no,DRI; EAF,unknown,unknown,unknown,29.927875,32.437744,26.0,5000.0,29.9278750,32.4377440,POINT (32.437744 29.927875)
1056,P100000120032,Sulb Bahrain Al Hidd steel plant,شركة صلب,,,Sulb Company BSCC,,E100000131139,5000674578,Partial,Yamato Kogyo Co Ltd [49.0%]; Gulf Investment Corp [25.5%]; Industries Qatar QPSC [12.8%]; Gulf Cables & Electrical Industries Co KSC [5.1%]; National Industries Group Holding KSCP [5.1%]; Kuwait Foundry Company KSCP [2.6%],E100001010196 [49.0%]; E100000000675 [25.5%]; E100000000840 [12.8%]; E100001016326 [5.1%]; E100001016328 [5.1%]; E100001016329 [2.6%],4295878941 [49.0%]; 4296426443 [25.5%]; 4295886945 [12.8%]; 4295882869 [5.1%]; 4295882834 [5.1%]; 4295882899 [2.6%],"Al Hidd, Bahrain",,Al Hidd,Muharraq,Bahrain,Middle East,"26.1981520, 50.6798930",exact,https://www.gem.wiki/Sulb_Bahrain_Al_Hidd_steel_plant,14,2009,unknown,2012,unknown,unknown,unknown,,,,12000.0,"crude, semi-finished, finished rolled","sheet, columns, bar, DRI, billet, channel, angle, beam","automotive, building and infrastructure, energy, transport",unknown,2022,2022,no,DRI; EAF,New 123 MW largest rooftop solar power project in the world,unknown,unknown,26.198152,50.679893,14.0,12000.0,26.1981520,50.6798930,POINT (50.679893 26.198152)
1058,P100000120575,Sunflag Iron and Steel plant,,,,Sunflag Iron and Steel Co Ltd,,E100001000589,4295872653,,Sunflag Iron and Steel Co Ltd [100.0%],E100001000589 [100.0%],4295872653 [100.0%],"441906 Bhandara Road, Warthi, Maharashtra, India",,Warthi,Maharashtra,India,Asia Pacific,"21.2329290, 79.6323980",exact,https://www.gem.wiki/Sunflag_Iron_and_Steel_plant,37,unknown,unknown,1989,unknown,unknown,unknown,,364.0,,,"crude, semi-finished, finished rolled","ingot, bar, billet, coil, pig iron, DRI","automotive, tools and machinery, transport",2691,2022,unknown,no,BF; DRI; EAF; IF; Steel other/unspecified,30 MW captive power plant,LMEL,Captive mines,21.232929,79.632398,37.0,364.0,21.2329290,79.6323980,POINT (79.632398 21.232929)
1059,P100001025670,Surjagad Ispat Gadchiroli steel plant,,,,Surjagad Ispat Pvt Ltd,,E100002004790,unknown,,Surjagad Ispat Pvt Ltd [100.0%],E100002004790 [100.0%],unknown [100.0%],unknown,,Aheri,Maharashtra,India,Asia Pacific,"19.4872010, 79.9685510",approximate,https://www.gem.wiki/Surjagad_Ispat_Gadchiroli_steel_plant,0,2022,2024-07-17 00:00:00,2026,unknown,unknown,unknown,,,,1200.0,finished rolled,wire rod,unknown,unknown,unknown,unknown,no,DRI; IF; Steel other/unspecified,120 MW CPP,Surajgad mines,unknown,19.487201,79.968551,0.0,1200.0,19.4872010,79.9685510,POINT (79.968551 19.487201)
1060,P100000121193,Swadesh Metallics Simga steel plant,,,,Swadesh Metallics Pvt Ltd,,E100001012071,5087130764,,Swadesh Metallics Pvt Ltd [100.0%],E100001012071 [100.0%],5087130764 [100.0%],"Village-Kesda, Tehsil Simga, District- Balodabazar- Bhatapara, Chhattisgarh, India",,Simga,Chhattisgarh,India,Asia Pacific,"21.6257060, 81.7052540",approximate,https://www.gem.wiki/Swadesh_Metallics_Simga_steel_plant,unknown,2021,unknown,unknown,unknown,unknown,unknown,,400.0,,600.0,finished rolled,"pipe, bar",building and infrastructure,1900,unknown,unknown,no,BF; DRI; IF,97 MW Captive Power Plant,unknown,unknown,21.625706,81.705254,,1000.0,21.6257060,81.7052540,POINT (81.705254 21.625706)
1065,P100000120146,Tangshan Donghai Iron and Steel Group Co Ltd,唐山东海钢铁集团有限公司,,,Tangshan Donghai Iron and Steel Group Co Ltd,唐山东海钢铁集团有限公司,E100000123219,unknown,,Tangshan Donghai Iron and Steel Group Co Ltd [100.0%],E100000123219 [100.0%],unknown [100.0%],"National Highway 205, Luan County, Tangshan City, Hebei Province",河北省唐山市滦县205国道,Tangshan,Hebei,China,Asia Pacific,"39.7483730, 118.6247940",exact,https://www.gem.wiki/Tangshan_Donghai_Iron_and_Steel_Group_Co_Ltd,23,unknown,unknown,2003,unknown,unknown,unknown,,,,1200.0,"semi-finished, finished rolled","galvanized, strip, billet, hot rolled, wire",unknown,4318,2022-11-24 00:00:00,2024-12-25 00:00:00,no,BF; BOF,unknown,unknown,unknown,39.748373,118.624794,23.0,1200.0,39.7483730,118.6247940,POINT (118.624794 39.748373)
1067,P100000120128,Tangshan Fengnan District Jing an Iron and Steel Co Ltd,唐山市丰南区经安钢铁集团有限公司,"Fengnan City Beiyang Iron and Steel Co., Ltd., Tangshan Fengnan District Beiyang Iron and Steel Co., Ltd.","唐山市丰南区经安钢铁有限公司, 唐山市丰南区北阳钢铁有限公司, 丰南市北阳钢铁有限公司",Tangshan Fengnan District Jing'an Iron and Steel Co Ltd,唐山市丰南区经安钢铁有限公司,E100001010698,unknown,,Tangshan Fengnan District Jing'an Iron and Steel Co Ltd [100.0%],E100001010698 [100.0%],unknown [100.0%],"North side of Qianying Mine, Qianying Town, Fengnan District, Tangshan City, Hebei Province",河北省唐山市丰南区钱营镇钱营矿北侧,Tangshan,Hebei,China,Asia Pacific,"39.6009560, 118.3587260",exact,https://www.gem.wiki/Tangshan_Fengnan_District_Jing_an_Iron_and_Steel_Co_Ltd,24,unknown,unknown,2002,unknown,unknown,unknown,,6000.0,1100.0,1200.0,"semi-finished, finished rolled","round bar, rebar, h-beam, strip",unknown,2647,no,no,no,BF; BOF,Self-owned Power Generation units-10 megawatts and 15 megawatts each 1 set,unknown,unknown,39.600956,118.358726,24.0,8300.0,39.6009560,118.3587260,POINT (118.358726 39.600956)
1069,P100000120118,Tangshan Ganglu Iron and Steel Co Ltd,唐山港陆钢铁有限公司,,,Tangshan Ganglu Iron & Steel Co Ltd,唐山港陆钢铁有限公司,E100000123206,unknown,,Guotao Co Ltd (Hong Kong) [76.3%]; Yushan (Beijing) Metallurgical Investment Co Ltd [23.7%],E100000125875 [76.3%]; E100000123550 [23.7%],unknown [76.3%]; unknown [23.7%],"Yangjiazhuang Village, South of Bangkuan Road, Cuijiazhuang Township, Zunhua City, Tangshan City, Hebei Province",河北省唐山市遵化市崔家庄乡邦宽公路南侧杨家庄村,Tangshan,Hebei,China,Asia Pacific,"40.1839130, 118.0739130",exact,https://www.gem.wiki/Tangshan_Ganglu_Iron_and_Steel_Co_Ltd,24,unknown,unknown,2002,unknown,unknown,unknown,,4956.0,,1495.0,finished rolled,"spring steel, sheet, cold rolled, coil, billet",tools and machinery,6186,2023-10-08 00:00:00,2023-10-08 00:00:00,no,BF; BOF,unknown,unknown,unknown,40.183913,118.073913,24.0,6451.0,40.1839130,118.0739130,POINT (118.073913 40.183913)
1070,P100000120379,Tangshan Guotang Steel Co Ltd,唐山国堂钢铁有限公司,,,Tangshan Guotang Steel Co Ltd,唐山国堂钢铁有限公司,E100000126511,unknown,,Guotao Co Ltd (Hong Kong) [61.0%]; Tangshan GUOYI SPECIAL Steel Co Ltd [20.0%]; Yushan (Beijing) Metallurgical Investment Co Ltd [19.0%],E100000125875 [61.0%]; E100000126403 [20.0%]; E100000123550 [19.0%],unknown [61.0%]; unknown [20.0%]; unknown [19.0%],"Economic Development District, Leting City, Hebei Province",河北省乐亭市经济开发区,Laoting,Hebei,China,Asia Pacific,"39.2931470, 119.0469720",exact,https://www.gem.wiki/Tangshan_Guotang_Steel_Co_Ltd,4,2021,2022,2022,unknown,unknown,unknown,,4750.0,1760.0,1200.0,unknown,unknown,unknown,3639,2024-04-19 00:00:00,2024-04-19 00:00:00,no,BF; BOF,unknown,unknown,unknown,39.293147,119.046972,4.0,7710.0,39.2931470,119.0469720,POINT (119.046972 39.293147)
1077,P100000120109,Tangshan Ruifeng Iron and Steel Group Co Ltd,唐山瑞丰钢铁(集团)有限公司,,,Tangshan RUIFENG Steel and Iron (GROUP) Co Ltd,唐山瑞丰钢铁（集团）有限公司,E100000123207,unknown,,Tangshan RUIFENG Steel and Iron (GROUP) Co Ltd [100.0%],E100000123207 [100.0%],unknown [100.0%],"Guzhuang, Xiaoji Town, Fengnan District, Tangshan City, Hebei Province",河北省唐山市丰南区小集镇古庄,Tangshan,Hebei,China,Asia Pacific,"39.4974720, 118.2720560",exact,https://www.gem.wiki/Tangshan_Ruifeng_Iron_and_Steel_Group_Co_Ltd,24,unknown,unknown,2002,unknown,unknown,unknown,,9300.0,,,finished rolled,strip,"automotive, building and infrastructure, tools and machinery, transport",5926,2024-04-24 00:00:00,2025-04-02 00:00:00,no,BF; BOF,145MW Supercritical Gas Power Generation,unknown,unknown,39.497472,118.272056,24.0,9300.0,39.4974720,118.2720560,POINT (118.272056 39.497472)
1087,P100000120546,Tata Metaliks Kharagpur steel plant,,Tata Korf Metal,,Tata Metaliks Ltd,,E100000130700,4295872473,,Tata Metaliks Ltd [100.0%],E100000130700 [100.0%],4295872473 [100.0%],"PO: Samraipur, Gokulpur, Kharagpur, Dist: Paschim Mednipur, West Bengal, India",,Kharagpur,West Bengal,India,Asia Pacific,"22.3856110, 87.2871790",exact,https://www.gem.wiki/Tata_Metaliks_Kharagpur_steel_plant,36,unknown,unknown,1990,unknown,unknown,unknown,,,233.0,,"crude, semi-finished","pipe, pig iron",unknown,1453,2024-08-30 00:00:00,unknown,no,BF,16.76 MW CPP,"Khonbond, Joda and Noamundi mines of TSL",Imported,22.385611,87.287179,36.0,233.0,22.3856110,87.2871790,POINT (87.287179 22.385611)
1089,P100000120535,Tata Steel Gamharia steel plant,,"Tata Sponge Iron Limited (TSIL), Usha Martin Limited (UML), Tata Steel Long Products Gamharia steel plant (predecessor), TSPL",,Tata Steel Ltd,,E100001010018,4295872420,Partial,Tata Steel Ltd [100.0%],E100001010018 [100.0%],4295872420 [100.0%],"Gamharia, Seraikela Kharsawan, Jamshedpur – 832108, India",,Jamshedpur,Jharkhand,India,Asia Pacific,"22.8128950, 86.0840220",exact,https://www.gem.wiki/Tata_Steel_Gamharia_steel_plant,55,unknown,unknown,1971,unknown,unknown,unknown,,1000.0,500.0,1200.0,finished rolled,wire rod,"automotive, building and infrastructure, energy",2287,yes,unknown,no,BF; DRI; EAF,"Two coal based captive power plants (25MW, began in 2001; 30MW, began in 2009); Two waste recovery captive power plants (30 MW DRI WHRB, began in 2012; 30MW Coke oven WHRB, began in 2013); Coal-gas hybrid captive power plant 15 MW",Tata Steel Vijay-II Mine (P100000129405); Ghatkuri iron ore mine,"Xstrata Coal Queensland Pvt. Ltd, Australia",22.812895,86.084022,55.0,2700.0,22.8128950,86.0840220,POINT (86.084022 22.812895)
1090,P100000120758,Tata Steel IJmuiden steel plant,,"IJmuiden steelworks, Koninklijke Hoogovens, Tata Steel IJmuiden bv BKG 1",,Tata Steel Ijmuiden BV,,E100001010177,5001198194,Partial,Tata Steel Ltd,E100001010018,4295872420,"Wenckebachstraat 1, 1951JZ, Velsen-Noord, Netherlands",,Velsen-Noord,North Holland,Netherlands,Europe,"52.4841180, 4.6155840",exact,https://www.gem.wiki/Tata_Steel_IJmuiden_steel_plant,108,unknown,unknown,1918,unknown,unknown,unknown,,4800.0,1800.0,4800.0,"semi-finished, finished rolled","slab, coil, strip, coated","automotive, building and infrastructure, steel packaging, tools and machinery",12299,2025-01-01 00:00:00,unknown,no,DRI; EAF; BF; BOF,Captive power plant at Vattenfall using plant's waste gases,unknown,unknown,52.484118,4.615584,108.0,11400.0,52.4841180,4.6155840,POINT (4.615584 52.484118)
1091,P100000120529,Tata Steel Jamshedpur steel plant,,TSJ,,Tata Steel Ltd,,E100001010018,4295872420,Partial,Tata Steel Ltd [100.0%],E100001010018 [100.0%],4295872420 [100.0%],"Bistupur, Jamshedpur - 831 001 Jharkhand, India",,Jamshedpur,Jharkhand,India,Asia Pacific,"22.7885980, 86.1996000",exact,https://www.gem.wiki/Tata_Steel_Jamshedpur_steel_plant,114,unknown,1907,1912,unknown,unknown,unknown,,9000.0,3400.0,8000.0,finished rolled,"tinplate, wire","automotive, building and infrastructure",32364,unknown,unknown,2025-10-27 00:00:00,BF; BOF,"By-product gas power generation, solar energy project initiated",Tata Steel Joda East Mine (P100000128477); Tata Steel Khondbond Mine (P100000128899); Tata Steel Noamundi Mine (P100000128489),unknown,22.788598,86.1996,114.0,20400.0,22.7885980,86.1996000,POINT (86.1996 22.788598)
1095,P100000120511,Tata Steel Meramandali steel plant,,"Tata Steel Angul steel plant, Bhushan Steel Ltd (BSL) (formerly), Tata Steel BSL Odisha, TSM, Tata Steel BSL Meramandali steel plant",,Tata Steel Ltd,,E100001010018,4295872420,Partial,Tata Steel Ltd [100.0%],E100001010018 [100.0%],4295872420 [100.0%],"Narendra Pur P.O. Shibapur, Meramandali, District - Dhenkanal - 759121, India",,Meramandali,Odisha,India,Asia Pacific,"20.7960530, 85.2603820",exact,https://www.gem.wiki/Tata_Steel_Meramandali_steel_plant,19,2003,unknown,2007,unknown,unknown,unknown,,8587.0,2100.0,,"semi-finished, finished rolled","pipe, cold rolled, coil, sheet",unknown,1425,yes,unknown,2026-12-18 00:00:00,BF; BOF; DRI; EAF; IF; Steel other/unspecified,Estimated overall power requirement after implementation of expansion- 1632 MW(638 MW to be met by CPP and remaining 994 MW to be drawn from theGrid),Captive iron ore mines in Odisha,imported,20.796053,85.260382,19.0,10687.0,20.7960530,85.2603820,POINT (85.260382 20.796053)
1098,P100000121002,Tebinbulak mining and smelting complex,Горно-металлургический комплекс «Тебинбулак»,"Triangul Metals, Tebinbulak Mining and Metallurgical Complex",ГМК «Тебинбулак»,Triangul Metals Tebinbulak JSC,,E100001012111,unknown,,Triangul Metals Tebinbulak JSC [100.0%],E100001012111 [100.0%],unknown [100.0%],"Special Industrial Zone ""Qorao'zak""",,Karauzyak,Republic of Karakalpakstan,Uzbekistan,Eurasia,"42.1780016, 60.4038997",approximate,https://www.gem.wiki/Tebinbulak_mining_and_smelting_complex,,2018,2023,2027,unknown,unknown,unknown,,,,5000.0,crude,DRI,unknown,5000,unknown,unknown,no,DRI,unknown,Tebinbulak mine,unknown,42.1780016,60.4038997,,5000.0,42.1780016,60.4038997,POINT (60.4038997 42.1780016)
1106,P100000120038,Ternium Brasil Santa Cruz steel plant,Usina siderúrgica Ternium,"CSA - Companhia Siderúrgica do Atlântico Sul, ThyssenKrupp CSA (predecessor)",,Ternium Brasil Ltda,,E100000131066,5072816151,,Ternium SA [100.0%],E100001000384 [100.0%],4295856130 [100.0%],"Av. João XXIII, s / n, Santa Cruz, 23560-352 Rio de Janeiro, RJ, Brazil",,Santa Cruz,Rio de Janeiro,Brazil,Central & South America,"-22.9125490, -43.7416140",exact,https://www.gem.wiki/Ternium_Brasil_Santa_Cruz_steel_plant,16,unknown,unknown,2010,unknown,unknown,unknown,,5700.0,1800.0,,semi-finished,slab,"automotive, building and infrastructure, energy, tools and machinery, transport",8000,yes,yes,no,BF; BOF,Onsite power plant generating all energy required for steelmaking using gases from production process,unknown,unknown,-22.912549,-43.741614,16.0,7500.0,-22.9125490,-43.7416140,POINT (-43.741614 -22.912549)
1110,P100000120008,Ternium Siderar San Nicolás steel plant,Planta siderúrgica Ternium Siderar,,"Ternium Planta Savio, Somisa (Sociedad Mixta Siderurgia Argentina) (predecessor)",Ternium Argentina SA,,E100000130688,4295856067,,Ternium Argentina SA [100.0%],E100000130688 [100.0%],4295856067 [100.0%],"Av. Savio s/n, 2900 San Nicolás de los Arroyos, Buenos Aires, Argentina",,San Nicolás de los Arroyos,Buenos Aires,Argentina,Central & South America,"-33.3736500, -60.1386970",exact,https://www.gem.wiki/Ternium_Siderar_San_Nicolás_steel_plant,66,unknown,unknown,1960,unknown,unknown,unknown,,1480.0,1040.0,,finished rolled,"tinplate, slab, cold rolled, hot rolled","automotive, building and infrastructure, energy, steel packaging, tools and machinery, transport",2074,2022-07-22 00:00:00,yes,no,BF; BOF,"Thermoelectric, integrated",unknown,unknown,-33.37365,-60.138697,66.0,2520.0,-33.3736500,-60.1386970,POINT (-60.138697 -33.37365)
1111,P100000120752,Tete Steel Maputo plant,,"Tete Iron & Steel Project, Baobab Steel Mozambique",,Baobab Steel Ltd,,E100000130753,4295899134,,Baobab Steel Ltd [100.0%],E100000130753 [100.0%],4295899134 [100.0%],"Tete, Tete, Mozambique",,Tete,Tete,Mozambique,Africa,"-15.7243450, 33.7626640",exact,https://www.gem.wiki/Tete_Steel_Maputo_plant,,2016-10-01 00:00:00,2022,2027,unknown,unknown,unknown,2500.0,1180.0,,,"semi-finished, finished rolled","billet, wire rod, rebar",unknown,2580,unknown,unknown,no,DRI; EAF,53 mw co-generation plant,Captive Tenge-rioni iron mine,unknown,-15.724345,33.762664,,3680.0,-15.7243450,33.7626640,POINT (33.762664 -15.724345)
1112,P100000121025,Thai Nguyen Iron and Steel plant,,TISCO,,Thai Nguyen Iron And Steel JSC,CONG TY CO PHAN GANG THEP THAI NGUYEN,E100000130922,5000050455,Partial,Thai Nguyen Iron And Steel JSC [100.0%],E100000130922 [100.0%],5000050455 [100.0%],"Thanh Pho City, Thai Nguyen District, Thai Nguyen Province, Vietnam",,Thanh Pho City,Thai Nguyen,Vietnam,Asia Pacific,"21.5574840, 105.8728000",exact,https://www.gem.wiki/Thai_Nguyen_Iron_and_Steel_plant,63,unknown,1959-06-01 00:00:00,1963,unknown,unknown,unknown,,981.0,130.0,,"semi-finished, finished rolled","coil, bars",unknown,unknown,yes,unknown,no,BF; EAF; BOF,unknown,Trai Cau Iron Mine; Phuc Ninh Iron ore mine; Quy Xa Iron mine; Tien Bo iron ore mine,Phan Me coal mine,21.557484,105.8728,63.0,1111.0,21.5574840,105.8728000,POINT (105.8728 21.557484)
1114,P100000120421,ThyssenKrupp Steel Duisburg steel plant,,Integriertes Huttenwerk Duisburg,,Thyssenkrupp Steel Europe AG,,E100001000542,4297366394,,thyssenkrupp AG [80.0%]; EP Investment S.à r.l. [17.9%]; Tiliacordata Limited [2.1%],E100000004212 [80.0%]; E100002021743 [17.9%]; E100002021744 [2.1%],4295869754 [80.0%]; unknown [17.9%]; unknown [2.1%],"Kaiser-Wilhelm-Strasse 100, 47166 Duisburg, Germany",,Duisburg,North Rhine-Westphalia,Germany,Europe,"51.4916490, 6.7330510",exact,https://www.gem.wiki/ThyssenKrupp_Steel_Duisburg_steel_plant,135,unknown,unknown,1891,unknown,unknown,unknown,,12000.0,2500.0,,"crude, semi-finished, finished rolled","sheet, plate, strip, electrical, coated","automotive, building and infrastructure, energy, steel packaging, tools and machinery, transport",26303,2025-05-08 00:00:00,2022-05-08 00:00:00,2028-06-05 00:00:00,DRI; BF; BOF,Hermann Wenzel on-site captive power plant. Burns coupling gases and coke oven gas and provides electricity and process steam. Output of 339 megawatts.,unknown,unknown,51.491649,6.733051,135.0,14500.0,51.4916490,6.7330510,POINT (6.733051 51.491649)
1115,P100000120281,Tianjin Iron and Steel Group Co Ltd,天津钢铁集团有限公司,"Tianjin Iron and Steel Co., Ltd.",天津钢铁有限公司,Tianjin Iron and Steel Group Co Ltd,天津钢铁集团有限公司,E100000126395,unknown,,British Asia Pan Ruogen International Co Ltd [59.2%]; unknown [40.8%],E100000130417 [59.2%]; E100000132388 [40.8%],unknown [59.2%]; unknown [40.8%],No. 398 Jintang Road,天津市东丽区津塘公路398号,unknown,Tianjin,China,Asia Pacific,"39.0310830, 117.4992460",exact,https://www.gem.wiki/Tianjin_Iron_and_Steel_Group_Co_Ltd,91,unknown,unknown,1935,unknown,unknown,unknown,,7660.0,1200.0,,"semi-finished, finished rolled","cold rolled, plate, hot rolled",unknown,6581,2024-09-25 00:00:00,2023-10-10 00:00:00,no,BF; BOF; EAF,unknown,unknown,unknown,39.031083,117.499246,91.0,8860.0,39.0310830,117.4992460,POINT (117.499246 39.031083)
1116,P100000120280,Tianjin Iron Plant,天津铁厂有限公司,,,Tianjin Iron PLANT Co Ltd,天津铁厂有限公司,E100000127064,unknown,,British Asia Pan Ruogen International Co Ltd [59.2%]; unknown [40.8%],E100000130417 [59.2%]; E100000132388 [40.8%],unknown [59.2%]; unknown [40.8%],Chixi,河北省邯郸市涉县更乐镇池溪村,Gengle,Hebei,China,Asia Pacific,"36.5896700, 113.7457920",exact,https://www.gem.wiki/Tianjin_Iron_Plant,57,unknown,unknown,1969,unknown,unknown,unknown,,7660.0,1200.0,1250.0,finished rolled,"rebar, sheet, coated, billet, coil, special, wire",unknown,7487,2023-03-28 00:00:00,2023-03-28 00:00:00,no,BF; BOF,unknown,unknown,unknown,36.58967,113.745792,57.0,10110.0,36.5896700,113.7457920,POINT (113.745792 36.58967)
1118,P100000120284,Tianjin New Tiangang United Special Steel Co Ltd,天津天钢联合特钢有限公司，天津天钢联合钢铁有限公司,"Tianjin Tiangang United Special Steel Co., Ltd.，Tianjin Tiangang United Steel Co., Ltd.",天津市新天钢联合特钢有限公司,Tianjin Tiangang UNITED SPECIAL Steel Co Ltd,天津市新天钢联合特钢有限公司,E100000126913,unknown,,British Asia Pan Ruogen International Co Ltd [59.2%]; unknown [40.8%],E100000130417 [59.2%]; E100000132388 [40.8%],unknown [59.2%]; unknown [40.8%],Wuwei Road,天津市宁河区经济开发区五纬路,Ninghe,Tianjin,China,Asia Pacific,"39.3002580, 117.8002310",exact,https://www.gem.wiki/Tianjin_New_Tiangang_United_Special_Steel_Co_Ltd,16.66,unknown,unknown,2009-06-24 00:00:00,unknown,unknown,unknown,,4947.0,,849.0,"semi-finished, finished rolled","billet, angle",unknown,5619,2025-06-30 00:00:00,2024-08-09 00:00:00,no,BF; BOF,unknown,unknown,unknown,39.300258,117.800231,16.66,5796.0,39.3002580,117.8002310,POINT (117.800231 39.300258)
1119,P100000120282,Tianjin Pipe Corporation,天津钢管制造有限公司,,,Tianjin Pipe Corp,天津钢管制造有限公司,E100000127231,unknown,Partial,Citic Pacific Special Steel Group Co Ltd [51.0%]; Tianjin Ngs Hongda General Co [12.0%]; The China Orient Asset Management Co Ltd [9.6%]; Far East Horizon [8.9%]; Tianjin Jincheng State-Owned Capital Investment and Operations Co Ltd [8.6%]; Tianjin Guoxing Capital Operation Co Ltd [3.2%]; unknown [2.4%]; Tianjin Dongjiang Free Trade Port Area Management Committee [2.4%]; Tianjin Teda Investment Holdings Co Ltd [1.6%]; Tianjin Jinzhi State-owned Capital Investment and Operation Co Ltd [0.0%]; Tianjin STATE-OWNED CAPITAL Investment and Management Co Ltd [0.0%]; Tianjin Guoheng Investment Holding Co Ltd [0.0%]; Tianjin Port (Group) Co Ltd [0.0%],E100000128047 [51.0%]; E100000129042 [12.0%]; E100000123243 [9.6%]; E100000126073 [8.9%]; E100000129043 [8.6%]; E100000129105 [3.2%]; E100000132388 [2.4%]; E100000130351 [2.4%]; E100000129106 [1.6%]; E100000129189 [0.0%]; E100000000282 [0.0%]; E100000129190 [0.0%]; E100000129188 [0.0%],unknown [51.0%]; unknown [12.0%]; unknown [9.6%]; 5000434294 [8.9%]; unknown [8.6%]; unknown [3.2%]; unknown [2.4%]; unknown [2.4%]; unknown [1.6%]; unknown [0.0%]; 5071567527 [0.0%]; unknown [0.0%]; unknown [0.0%],No. 396 Jintang Road,天津市东丽区津塘公路396号,unknown,Tianjin,China,Asia Pacific,"39.0340020, 117.4867980",exact,https://www.gem.wiki/Tianjin_Pipe_Corporation,15.2,unknown,unknown,2010-12-10 00:00:00,unknown,unknown,unknown,,1032.0,,,finished rolled,pipe,"building and infrastructure, tools and machinery",6450,2023-04-20 00:00:00,2023-04-20 00:00:00,no,BF; DRI; EAF,25.77 MW Distributed Photovoltaic Power Generation,unknown,unknown,39.034002,117.486798,15.2,1032.0,39.0340020,117.4867980,POINT (117.486798 39.034002)
1131,P100000120216,Tonghua Iron and Steel Co Ltd,通化钢铁股份有限公司,,,Tonghua Iron & Steel Co Ltd,通化钢铁股份有限公司,E100000126965,unknown,Partial,Beijing State-owned Capital Management Center [56.2%]; unknown [16.9%]; Industrial and Commercial Bank of China Ltd [8.3%]; China Construction Bank Corp [8.1%]; Bank of China Ltd [6.5%]; BANK of Jilin Co Ltd [0.9%]; Hana Bank Co Ltd [0.9%]; Changchun Financial Holding Group Co Ltd [0.6%]; Jilin Financial Holding Group Co Ltd [0.6%]; Jilin YATAI (GROUP) Co Ltd [0.5%]; Jilin PROVINCE Inestment Group Co Ltd [0.3%]; Changchun City Development Investment Holding (Group) Co Ltd [0.1%],E100000000158 [56.2%]; E100000132388 [16.9%]; E100000000220 [8.3%]; E100001000437 [8.1%]; E100000124428 [6.5%]; E100000128355 [0.9%]; E100000130509 [0.9%]; E100000128994 [0.6%]; E100000128732 [0.6%]; E100000128734 [0.5%]; E100000128735 [0.3%]; E100000128911 [0.1%],unknown [56.2%]; unknown [16.9%]; 4295863742 [8.3%]; 4295863663 [8.1%]; unknown [6.5%]; unknown [0.9%]; 4295882085 [0.9%]; unknown [0.6%]; unknown [0.6%]; unknown [0.5%]; unknown [0.3%]; unknown [0.1%],No. 255 Dongsheng Road,吉林省吉林省通化市东盛路255号,Tonghua,Jilin,China,Asia Pacific,"41.7791250, 126.0223490",exact,https://www.gem.wiki/Tonghua_Iron_and_Steel_Co_Ltd,19.53,unknown,unknown,2006-08-11 00:00:00,unknown,unknown,unknown,,7700.0,2127.0,1600.0,finished rolled,"pipe, profile, plate","automotive, building and infrastructure, energy, tools and machinery, transport",10973,2023-06-21 00:00:00,unknown,no,BF; BOF,Combined Cycle Power Plant (CCPP),unknown,unknown,41.779125,126.022349,19.53,11427.0,41.7791250,126.0223490,POINT (126.022349 41.779125)
1133,P100000120356,Tongling Xuanli Special Steel Co Ltd,铜陵市旋力特殊钢有限公司,,,Tongling City Xuanli Special Steel Co Ltd,铜陵市旋力特殊钢有限公司,E100000126276,unknown,,Ma'anshan Jiatong Enterprise Management Partnership (General Partnership) [96.0%]; unknown [4.0%],E100000128611 [96.0%]; E100000132388 [4.0%],unknown [96.0%]; unknown [4.0%],"Yi'an District, Tongling City, Anhui Province",安徽省铜陵市义安区东联乡,Tongling,Anhui,China,Asia Pacific,"31.0628070, 117.9560150",exact,https://www.gem.wiki/Tongling_Xuanli_Special_Steel_Co_Ltd,17,unknown,unknown,2009,unknown,unknown,unknown,,1757.0,,,finished rolled,bar,unknown,1289,2023-10-27 00:00:00,2024-08-05 00:00:00,no,BF; BOF,Self-owned power generation,unknown,unknown,31.062807,117.956015,17.0,1757.0,31.0628070,117.9560150,POINT (117.956015 31.062807)
1136,P100000120616,Torbat Heydarieh Khorasan Steel Complex,مجتمع فولاد تربت حیدریه,Foolad Rokh,"فولاد رخ, مجتمع فولاد رخ تربت حیدریه",Torbat Heydarieh Steel Co,,E100000131181,unknown,,Torbat Heydarieh Steel Co [100.0%],E100000131181 [100.0%],unknown [100.0%],"Torbat Heydariyeh, Razavi, Khorasan, Iran",,Torbat Heydariyeh,Razavi Khorasan,Iran,Middle East,"35.5948820, 59.2059840",exact,https://www.gem.wiki/Torbat_Heydarieh_Khorasan_Steel_Complex,1,2017,2018,2025,unknown,unknown,unknown,,,,3000.0,semi-finished,hot rolled coil,unknown,2800,unknown,unknown,no,DRI; EAF,unknown,unknown,,35.594882,59.205984,1.0,3000.0,35.5948820,59.2059840,POINT (59.205984 35.594882)
1139,P100000120441,Tosyali Algerie Oran steel plant,Tosyali Algérie,,شركة توسيالي الجزائرية التركية للحديد والصلب,Tosyali Ironsteel Industry Algerie SpA,,E100000131071,5074196906,,Tosyalı Holding AŞ,E100001000709,5000866267,"Pole Economique Bethiqua - BP 175, Bethiqua, Oran, Algeria",,Bethiqua,Oran,Algeria,Africa,"35.7709120, -0.2630310",exact,https://www.gem.wiki/Tosyali_Algerie_Oran_steel_plant,13,unknown,unknown,2013,unknown,unknown,unknown,,,,8000.0,"semi-finished, finished rolled","billet, wire rod, rebar, hot rolled, slab, pipe",building and infrastructure,8000,yes,unknown,no,DRI; EAF,unknown,"Gara Djebilet mine; Brazil, Chile, Canada, Mauritania",unknown,35.770912,-0.263031,13.0,8000.0,35.7709120,-0.2630310,POINT (-0.263031 35.770912)
1141,P100001042927,Tosyali Sonangol Kassinga Iron and Steel plant,,"Cassinga Steel Project, Kassinga Steel Project",,Tosyali Iron and Steel Angola SA; Sonangol EP,,E100002003752; E100000000004,unknown; 5000035131,Partial,Sonangol EP [100.0%]; Tosyalı Holding AŞ,E100000000004 [100.0%]; E100001000709,5000035131 [100.0%]; 5000866267,unknown,,Kassinga,Huíla,Angola,Africa,"-15.2637430, 16.0654940",approximate,https://www.gem.wiki/Tosyali_Sonangol_Kassinga_Iron_and_Steel_plant,,2019,unknown,2027,unknown,unknown,unknown,,,,4100.0,unknown,long products,unknown,unknown,unknown,unknown,no,DRI; EAF,unknown,"Jamba Mineira Mine (P100000128033, to be reactivated)",unknown,-15.263743,16.065494,,4100.0,-15.2637430,16.0654940,POINT (16.065494 -15.263743)
1153,P100000120419,TZMS Třinecké železárny Trinec steel plant,,Třinec Iron and Steel Works,,TRINECKÉ ZELEZÁRNY AS,,E100001011644,4295865795,,Minerfin AS,E100001016230,4298245595,"Průmyslová 1000, Staré Město, 739 61 Třinec, Czech Republic",,Třinec,Moravia-Silesia,Czech Republic,Europe,"49.6890530, 18.6545570",exact,https://www.gem.wiki/TZMS_Třinecké_železárny_Trinec_steel_plant,187,unknown,unknown,1839,unknown,unknown,unknown,,,700.0,,"semi-finished, finished rolled","wire rod, rail, seamless, bar, billet",unknown,6000,2022,2022,no,BF; BOF; EAF,"""Třinecké železárny together with its subsidiary Energetika Třinec will produce electricity from the sun in two photovoltaic power plant""; signed PPA with CEZ ESCO for 4.4 GWh/year of emission-free electricity; also planned 62 MWe combined cycle gas turbine",unknown,unknown,49.689053,18.654557,187.0,700.0,49.6890530,18.6545570,POINT (18.654557 49.689053)
1159,P100000120966,U.S. Steel Gary Works,,U.S. Steel Gary,,United States Steel Corp,,E100000001319,4295903049,,Nippon Steel Corp [100.0%],E100000000652 [100.0%],4295877313 [100.0%],"Gary Works, One North Broadway, Gary, Indiana 46402, United States",,Gary,Indiana,United States,North America,"41.6207990, -87.3482660",exact,https://www.gem.wiki/U.S._Steel_Gary_Works,118,unknown,unknown,1908,unknown,unknown,unknown,,4400.0,,,"semi-finished, finished rolled","sheet, plate, hot rolled, cold rolled, galvanized sheet, tinplate, pig iron","automotive, building and infrastructure, steel packaging",2246,2022,unknown,no,BF; BOF,unknown,unknown,unknown,41.620799,-87.348266,118.0,4400.0,41.6207990,-87.3482660,POINT (-87.348266 41.620799)
1167,P100000120819,Ural Steel Metallurgical Plant,Металлургический завод Уральская Сталь,"NOSTA (predecessor), Orsko-Khalilovsky Metallurgical Plant (predecessor), OHMK (predecessor), Novotroitsk Steel (predecessor), Ural Steel JSC","Орско-Халиловский металлургический комбинат (predecessor), Новотроицкая сталь (predecessor), НОСТА (predecessor), ОХМК (predecessor)",Uralskaya Stal JSC,AO Уральская Сталь,E100000130820,4297197239,,Zagorskii Trubnyi Zavod JSC,E100001000444,5082355818,"1, Zavodskaya St., Novotroitsk, Orenburg Region, Russia, 462353","462353, Российская Федерация, Оренбургская область, г. Новотроицк, ул. Заводская, д. 1",Novotroitsk,Orenburg,Russia,Eurasia,"51.2147810, 58.3539130",exact,https://www.gem.wiki/Ural_Steel_Metallurgical_Plant,71,unknown,unknown,1955,unknown,unknown,unknown,,2300.0,1400.0,,"crude, semi-finished, finished rolled","billet, pig iron, flat, slab","building and infrastructure, transport",9000,2024-04-22 00:00:00,2025-06-11 00:00:00,no,BF; EAF; BOF,https://www.gem.wiki/Novotroitskaya_Ural_Steel_power_station,Metalloinvest Mikhailovsky Mine (P100000128817); Metalloinvest Lebedinsky Mine (P100000128790),unknown,51.214781,58.353913,71.0,3700.0,51.2147810,58.3539130,POINT (58.353913 51.214781)
1168,P100000120037,Usiminas Cubatão steel plant,Usina Usiminas Cubatão,Cosipa - Companhia Siderúrgica Paulista (predecessor),,Usinas Siderurgicas de Minas Gerais SA,,E100000130691,4295859856,,Usinas Siderurgicas de Minas Gerais SA [100.0%],E100000130691 [100.0%],4295859856 [100.0%],"Rod. Cônego Domênico Rangoni, S/N, Jardim das Industrias, Cubatão, Sao Paulo, 11573-900, Brazil",,Cubatão,São Paulo,Brazil,Central & South America,"-23.8630920, -46.3762940",exact,https://www.gem.wiki/Usiminas_Cubatão_steel_plant,63,unknown,unknown,1963,unknown,2016,unknown,,3000.0,833.0,,finished rolled,"coil, sheet, plate","automotive, building and infrastructure, energy, tools and machinery, transport",1200,2023-08-10 00:00:00,unknown,no,BF; BOF,unknown,unknown,unknown,-23.863092,-46.376294,63.0,3833.0,-23.8630920,-46.3762940,POINT (-46.376294 -23.863092)
1169,P100000120043,Usiminas Ipatinga steel plant,Usina siderúrgica Usiminas Ipatinga,Usina Siderúrgica Intendente Câmara,,Usinas Siderurgicas de Minas Gerais SA,,E100000130691,4295859856,,Usinas Siderurgicas de Minas Gerais SA [100.0%],E100000130691 [100.0%],4295859856 [100.0%],"Av. Pedro Linhares Gomes, 5431 - Usiminas, Ipatinga, Minas Gerais, 35160-900, Brazil",,Ipatinga,Minas Gerais,Brazil,Central & South America,"-19.4912770, -42.5442530",exact,https://www.gem.wiki/Usiminas_Ipatinga_steel_plant,64,unknown,unknown,1962,unknown,unknown,unknown,,6300.0,800.0,,"semi-finished, finished rolled","sheet, plate, coated, coil, slab","automotive, building and infrastructure, energy, tools and machinery, transport",6500,2022-10-01 00:00:00,unknown,no,BF; BOF,unknown,"Oeste, Central and Leste mines operated by Mineração Usiminas",unknown,-19.491277,-42.544253,64.0,7100.0,-19.4912770,-42.5442530,POINT (-42.544253 -19.491277)
1171,P100000121194,Uttam Galva Ferrous Bellary steel plant,,,,Uttam Galva Ferous Ltd,,E100001012081,5083786630,,Uttam Galva Ferous Ltd [100.0%],E100001012081 [100.0%],5083786630 [100.0%],"Kuduthini Village, Bellary, Karnataka, India",,Bellary,Karnataka,India,Asia Pacific,"15.1846130, 76.8249050",exact,https://www.gem.wiki/Uttam_Galva_Ferrous_Bellary_steel_plant,,2013,unknown,2028,unknown,unknown,unknown,,8532.0,2740.0,4000.0,finished rolled,unknown,unknown,6427,unknown,unknown,no,BF; BOF,893 MW Captive Power Plant,Mines in Karnataka and Goa,"Australia, Indonesia, Canada, China and Venezuela",15.184613,76.824905,,15272.0,15.1846130,76.8249050,POINT (76.824905 15.184613)
1182,P100000121205,Vedanta Sesa Goa Pig Iron Plant,,Sesa Goa plant (formerly),,Vedanta Iron and Steel Ltd,,E100001012389,5086859493,Partial,Vedanta Ltd [100.0%],E100001000479 [100.0%],4295872982 [100.0%],"Amona, Goa, India",,Amona,Goa,India,Asia Pacific,"15.5268660, 73.9866710",exact,https://www.gem.wiki/Vedanta_Sesa_Goa_Pig_Iron_Plant,34,unknown,unknown,1992,unknown,unknown,unknown,,800.0,522.0,,crude,pig iron,unknown,unknown,yes,unknown,no,BF,60 MW Captive Power Plant,JSW Sesa Kodli Mine (P100000128464); Vedanta Bicholim Mine (P100000128459),unknown,15.526866,73.986671,34.0,1322.0,15.5268660,73.9866710,POINT (73.986671 15.526866)
1184,P100000120054,Viena Açailândia iron works,Usina siderúrgica Viena Açailândia,,,Andrade Valladares Engenharia e Construcao Ltda,,E100000130884,4298255204,,natural person(s); RKV Participacoes Ltda; Skv Participacoes Ltda; Viena Administracao e Participacoes Ltda,E100000123261; E100002007562; E100002007563; E100002007564,unknown; unknown; unknown; unknown,"Fazenda Medalha – Povoado Pequiá – 65930-000 Açailândia - MA, Brazil",,Açailândia,Maranhão,Brazil,Central & South America,"-4.8878770, -47.3921570",exact,https://www.gem.wiki/Viena_Açailândia_iron_works,38,unknown,unknown,1988,unknown,unknown,unknown,,219.0,,,unknown,unknown,unknown,1300,unknown,unknown,no,BF,unknown,unknown,unknown,-4.887877,-47.392157,38.0,219.0,-4.8878770,-47.3921570,POINT (-47.392157 -4.887877)
1193,P100000120011,Voestalpine Stahl Donawitz steel plant,,Donawitz Steelworks,,Voestalpine Stahl Donawitz GmbH,,E100000130917,5000038424,,Voestalpine AG [100.0%],E100000000031 [100.0%],4295858976 [100.0%],"Kerpelystraße 199, 8700 Leoben, Austria",,Leoben,Styria,Austria,Europe,"47.3804550, 15.0651820",exact,https://www.gem.wiki/Voestalpine_Stahl_Donawitz_steel_plant,148,unknown,unknown,1878,unknown,unknown,unknown,,1700.0,,,"semi-finished, finished rolled","galvanized, strip, coated",unknown,1356,2023-10-17 00:00:00,2023-10-17 00:00:00,no,BF; BOF; DRI; EAF,Captive power plant,unknown,unknown,47.380455,15.065182,148.0,1700.0,47.3804550,15.0651820,POINT (15.065182 47.380455)
1197,P100001082548,Walsin Lihwa Tainan stainless steel plant,華新麗華鹽水廠,,,Walsin Lihwa Corp,,E100000121535,4295891078,,Walsin Lihwa Corp [100.0%],E100000121535 [100.0%],4295891078 [100.0%],"3-10, SHI JOU LIAO, CHIN SHUEI LI, YENSHUI DISTRICT, TAINAN CITY",,Tianan,Yenshui,Taiwan,Asia Pacific,"23.295835858147463, 120.24399172517494",approximate,https://www.gem.wiki/Walsin_Lihwa_Tainan_stainless_steel_plant,33,unknown,unknown,1993,unknown,unknown,unknown,55.0,,,,"semi-finished, finished rolled","coil, billet",unknown,unknown,yes,yes,no,EAF,unknown,unknown,unknown,23.295835858147463,120.24399172517494,33.0,55.0,23.295835858147463,120.24399172517494,POINT (120.24399172517494 23.295835858147463)
1201,P100000120541,Welspun Metallics Anjar Steel plant,,WSL,,Welspun Corp Ltd,,E100002007597,4295873411,,Welspun Corp Ltd [100.0%],E100002007597 [100.0%],4295873411 [100.0%],"Survey No.650, P.O - Versamedi, Tal.Anjar, District Kutch, Gujarat 370 110, India",,Anjar,Gujarat,India,Asia Pacific,"23.1127810, 70.0866885",exact,https://www.gem.wiki/Welspun_Metallics_Anjar_Steel_plant,22,unknown,unknown,2004,unknown,unknown,unknown,,5280.0,1370.0,,"crude, semi-finished","ingot, rebar, di pipe, billet, DRI",building and infrastructure,2000,yes,unknown,no,BF; DRI; IF; BOF; Iron other/unspecified,12 MW captive power plant powered by waste heat recovery boilers; 2x100MW gas-based CPP planned as part pf 3 mtpa expansion plan,"Imported (South Africa, Australia, Brazil)/ Domestic","Imported from South Africa, Indonesia, Australia",23.112781,70.0866885,22.0,6650.0,23.1127810,70.0866885,POINT (70.0866885 23.112781)
1202,P100000120591,West Alborz Ana Steel Zanjan plant,گروه فولادی البرز غرب,"Ana Steel, Alborz Nab Arash Steel Complex",مجتمع فولاد البرز ناب آرش,West Alborz Steel Co,مجتمع فولاد البرز غرب,E100000131141,unknown,,West Alborz Steel Co [100.0%],E100000131141 [100.0%],unknown [100.0%],"Abhar, Zanjan, Iran",,Abhar,Zanjan,Iran,Middle East,"36.1195740, 49.3062530",exact,https://www.gem.wiki/West_Alborz_Ana_Steel_Zanjan_plant,21,unknown,unknown,2005,unknown,unknown,unknown,150.0,2000.0,,1800.0,"semi-finished, finished rolled","billet, rebar, angle, channel, beam",unknown,unknown,expired,unknown,no,EAF; IF; DRI,unknown,Zaker iron ore mine,unknown,36.119574,49.306253,21.0,3950.0,36.1195740,49.3062530,POINT (49.306253 36.119574)
1204,P100000120297,WISCO Group Kunming Steel Co Ltd Honghe Iron and Steel Company,红河钢铁有限公司,,武钢集团昆钢红钢公司,Honghe Iron and Steel Co Ltd,红河钢铁有限公司,E100000126665,unknown,Partial,China Baowu Steel Group Co Ltd [48.4%]; Kunming Iron & Steel Holding Co Ltd [40.3%]; unknown [4.2%],E100001000472 [48.4%]; E100000128516 [40.3%]; E100000132388 [4.2%],5000039946 [48.4%]; 4298154973 [40.3%]; unknown [4.2%],unknown,云南省红河州蒙自县雨过铺镇,Yuguopu,Yunnan,China,Asia Pacific,"23.4707330, 103.2727840",exact,https://www.gem.wiki/WISCO_Group_Kunming_Steel_Co_Ltd_Honghe_Iron_and_Steel_Company,17.92,unknown,unknown,2004-01-30 00:00:00,unknown,unknown,2022,,3200.0,,,finished rolled,"sheet, strip, coated, pipe, bar, hot rolled, wire, profile",unknown,1859,expired,expired,no,BF; BOF,unknown,unknown,unknown,23.470733,103.272784,17.92,3200.0,23.4707330,103.2727840,POINT (103.272784 23.470733)
1217,P100000120068,Wuhu Xinxing Ductile Iron Pipes Co Ltd,芜湖新兴铸管有限责任公司,Wuhu Iron and Steel Plant (predecessor),芜湖钢铁厂,Wuhu Xinxing Ductile Iron Pipes Co Ltd,芜湖新兴铸管有限责任公司,E100000126890,unknown,,Xinxing Ductile Iron Pipes Co Ltd [100.0%],E100000127965 [100.0%],unknown [100.0%],"No. 2 Chunzhou Road, Sanshan District Economic Development Zone, Wuhu, Anhui",安徽省芜湖市三山区经济开发区春洲路2号,Wuhu,Anhui,China,Asia Pacific,"31.2298930, 118.1508670",exact,https://www.gem.wiki/Wuhu_Xinxing_Ductile_Iron_Pipes_Co_Ltd,23,unknown,unknown,2003,unknown,unknown,unknown,,6280.0,1200.0,,finished rolled,"bearings, carbon steel, pipe","automotive, tools and machinery",4273,2024-06-15 00:00:00,2025-02-10 00:00:00,no,BF; BOF; EAF,State Grid Wuhu power company/ Distributed Photovoltaic Power Generation,unknown,unknown,31.229893,118.150867,23.0,7480.0,31.2298930,118.1508670,POINT (118.150867 31.229893)
1225,P100000120551,Xindia Steels Koppal plant,,,,Xindia Steels Ltd,,E100000131065,5072815458,,China Minmetals Corp [14.3%]; Kelachandra Group [14.3%]; Manasara Group [14.3%]; Shanxi HONGDA Iron and Steel Group Co Ltd [14.3%]; The Joinus Venture Capital Co Ltd [14.3%]; Xinxing Cathay International Group Co Ltd [14.3%]; McWane Inc,E100000123999 [14.3%]; E100000131167 [14.3%]; E100000131170 [14.3%]; E100000123200 [14.3%]; E100000131150 [14.3%]; E100000130904 [14.3%]; E100000130782,5000069311 [14.3%]; unknown [14.3%]; unknown [14.3%]; unknown [14.3%]; unknown [14.3%]; 5000013134 [14.3%]; 4296572465,"Kunikere & Hirebaganal Village, Ginigera Post, Koppal Dist., Karnataka – 583 231, India",,Koppal,Karnataka,India,Asia Pacific,"15.2934210, 76.2349470",exact,https://www.gem.wiki/Xindia_Steels_Koppal_plant,,2008-02-28 00:00:00,unknown,2029,unknown,unknown,unknown,,,,5200.0,"crude, semi-finished, finished rolled","pipe, pig iron, pellets",unknown,unknown,unknown,unknown,no,BF; BOF; DRI,unknown,unknown,unknown,15.293421,76.234947,,5200.0,15.2934210,76.2349470,POINT (76.234947 15.293421)
1228,P100000120233,Xining Special Steel Co Ltd,西宁特殊钢股份有限公司,,,Xining Special Steel Co Ltd,西宁特殊钢股份有限公司,E100000126834,unknown,,Xining Special Steel Co Ltd [100.0%],E100000126834 [100.0%],unknown [100.0%],52 Qaidam West Road,青海省西宁市城北区柴达木西路52号,Xining,Qinghai,China,Asia Pacific,"36.6685600, 101.6714140",exact,https://www.gem.wiki/Xining_Special_Steel_Co_Ltd,28.37,unknown,unknown,1997-10-08 00:00:00,unknown,unknown,unknown,,,800.0,,finished rolled,"bearings, spring steel","automotive, energy, tools and machinery, transport",3757,2025-09-08 00:00:00,expired,no,BF; BOF; EAF,Self-owned Power generation,unknown,unknown,36.66856,101.671414,28.37,800.0,36.6685600,101.6714140,POINT (101.671414 36.66856)
1233,P100000120292,Xinjiang Kunyu Iron and Steel Co Ltd,奎屯西姆莱斯特钢有限公司,"Kuitun Ximu Laisite Steel Co., Ltd.",新疆昆玉钢铁有限公司,Xinjiang Kunyu Lron & Steel Co Ltd,新疆昆玉钢铁有限公司,E100000126477,unknown,,Shiheng Special Steel Holding Group Co Ltd [54.7%]; Hong Kong Wing Tai Holdings [22.0%]; unknown [15.9%]; Trade Union Committee of Shiheng Special Steel Group [7.4%],E100000124166 [54.7%]; E100000126043 [22.0%]; E100000132388 [15.9%]; E100000126042 [7.4%],unknown [54.7%]; unknown [22.0%]; unknown [15.9%]; unknown [7.4%],No. 109 Nanhuan East Road,新疆伊犁州奎屯市南环东路109号,unknown,Xinjiang,China,Asia Pacific,"44.4041890, 84.9667530",exact,https://www.gem.wiki/Xinjiang_Kunyu_Iron_and_Steel_Co_Ltd,14.72,unknown,unknown,2010-04-15 00:00:00,unknown,unknown,2025,,2100.0,,,finished rolled,"rebar, wire",unknown,1460,2025-09-06 00:00:00,2023-11-03 00:00:00,no,BF; BOF,unknown,unknown,unknown,44.404189,84.966753,14.72,2100.0,44.4041890,84.9667530,POINT (84.966753 44.404189)
1235,P100000120291,Xinjiang Tianshan Iron and Steel Bazhou Co Ltd,新疆天山钢铁巴州有限公司,"Xinxing Ductile Iron Pipes Xinjiang Co., Ltd.",新兴铸管新疆有限公司,Xinxing Ductile Iron Pipes Xinjiang Co Ltd,新疆天山钢铁巴州有限公司,E100000127246,unknown,Partial,China Baowu Steel Group Co Ltd [79.3%]; Xinjiang Investment Development (Group) Co Ltd [5.2%]; Industrial and Commercial Bank of China Ltd [5.0%]; Bank of China Ltd [3.8%]; Agricultural Bank of China Ltd [3.6%]; unknown [3.0%],E100001000472 [79.3%]; E100000123578 [5.2%]; E100000000220 [5.0%]; E100000124428 [3.8%]; E100000000151 [3.6%]; E100000132388 [3.0%],5000039946 [79.3%]; 5000064234 [5.2%]; 4295863742 [5.0%]; unknown [3.8%]; 5000014265 [3.6%]; unknown [3.0%],"West Zone, Xinxing Industrial Park, Jinquan Comprehensive Manufacturing and Processing Zone, Hejing Industrial Parkng Uygur Autonomous Region",新疆巴音郭楞州和静工业园区金泉综合制造加工区新兴产业园区西区,unknown,Xinjiang,China,Asia Pacific,"42.3333210, 86.3024810",exact,https://www.gem.wiki/Xinjiang_Tianshan_Iron_and_Steel_Bazhou_Co_Ltd,15.46,unknown,unknown,2010-09-06 00:00:00,unknown,unknown,unknown,,1438.0,,636.0,finished rolled,"sheet, strip, bar, pipe, wire, profile",unknown,1432,2024-05-10 00:00:00,2024-05-10 00:00:00,no,BF; BOF; EAF,unknown,unknown,unknown,42.333321,86.302481,15.46,2074.0,42.3333210,86.3024810,POINT (86.302481 42.333321)
1254,P100000120912,Yenakiieve Metallurgical Plant,Енакиевский металлургический завод,"Enakievo Iron & Steel, EMZ, Yenakieve Iron and Steel Works, PJSC, Enakiieve Steel","Єнакієвський металургійний завод (Ukranian), ПАТ ""ЄМЗ""",Yenakiieve Metallurgical Plant Branch PJSC,ЄНАКІЄВСЬКИЙ МЕТАЛУРГІЙНИЙ ЗАВОД,E100001012191,unknown,Full,Yenakiieve Metallurgical Plant Branch PJSC [100.0%],E100001012191 [100.0%],unknown [100.0%],"Metallurgov Ave, 9, Yenakijeve, Donetsk Oblast, Ukraine, 86402","Украина, г. Енакиево, 86429, пр. Металлургов, 9",Yenakiieve,Donetsk,Ukraine,Europe,"48.2205020, 38.2286260",exact,https://www.gem.wiki/Yenakiieve_Metallurgical_Plant,131,unknown,unknown,1895,unknown,unknown,unknown,,2000.0,,,"semi-finished, finished rolled","wire rod, rebar, billet, channel, angle, beam",unknown,4500,unknown,unknown,no,BF; BOF,unknown,unknown,unknown,48.220502,38.228626,131.0,2000.0,48.2205020,38.2286260,POINT (38.228626 48.220502)
1276,P100000120588,Zarand Iranian Steel Company Kerman plant,زیسکو,ZISCO,شرکت فولاد زرند ایرانیان,Zarand Iranian Steel Co,,E100000131076,5074852661,,small shareholder(s) [47.3%]; Mabna Khavar Miyaneh Co [15.4%]; Pars Aryan Investment Co [12.1%]; Rahbord Sarmaye Iranian Co [10.0%]; Pasargad Arzesh Afarinan Co [9.5%]; Tejarat Pishegan Mihan Negar Pars Co [5.7%],E100001015587 [47.3%]; E100002020859 [15.4%]; E100001015720 [12.1%]; E100002020860 [10.0%]; E100001015719 [9.5%]; E100002020861 [5.7%],unknown [47.3%]; unknown [15.4%]; 5086606640 [12.1%]; unknown [10.0%]; 5039187251 [9.5%]; unknown [5.7%],"Kerman-Zarand Road, Kerman Province, Iran",,Zarand,Kerman,Iran,Middle East,"30.7496330, 56.6675096",exact,https://www.gem.wiki/Zarand_Iranian_Steel_Company_Kerman_plant,6,unknown,unknown,2020,unknown,unknown,unknown,,4000.0,1200.0,2500.0,"semi-finished, finished rolled","bloom, slab, billet, ingot",unknown,5880,unknown,unknown,no,BF; BOF; DRI; EAF,Gas pipeline from Zahedan Province (project as of August 2022),P100000128562 Jalal Abad Iron Mine,Khamroud coal mine,30.749633,56.6675096,6.0,7700.0,30.7496330,56.6675096,POINT (56.6675096 30.749633)
1277,P100000120193,Zenith Steel Group Co Ltd,中天钢铁集团有限公司,"Jiangsu Zhongtian Iron and Steel Group Co., Ltd.",江苏中天钢铁集团有限公司,Zenith Steel Group Co Ltd,中天钢铁集团有限公司,E100000123285,unknown,,Zenith Steel Group Co Ltd [100.0%],E100000123285 [100.0%],unknown [100.0%],No. 1 Zhongwu Avenue,江苏省常州市武进区中吴大道1号,unknown,Jiangsu,China,Asia Pacific,"31.7076560, 120.0795910",exact,https://www.gem.wiki/Zenith_Steel_Group_Co_Ltd,24.39,unknown,unknown,2001-09-28 00:00:00,unknown,unknown,unknown,,12800.0,,,finished rolled,"bearings, spring steel, wire, cord","automotive, energy, transport",10255,2024-08-30 00:00:00,2023-04-10 00:00:00,no,BF; BOF; EAF,Photovoltaic Power Generation,unknown,unknown,31.707656,120.079591,24.39,12800.0,31.7076560,120.0795910,POINT (120.079591 31.707656)
1284,P100000120129,Zhongpu Handan Iron and Steel Co Ltd,中普(邯郸)钢铁有限公司,,,Zhongpu (Handan) Iron and Steel Co Ltd,中普（邯郸）钢铁有限公司,E100000126142,unknown,,Longxiang Group (Hong Kong) [66.8%]; Hebei Puyang Industrial Group Co Ltd [33.2%],E100000126000 [66.8%]; E100000124068 [33.2%],unknown [66.8%]; unknown [33.2%],"East of Yangyi Town, Wu'an City, Handan City, Hebei Province",河北省邯郸市武安市阳邑镇东,Handan,Hebei,China,Asia Pacific,"36.7213760, 113.9102710",exact,https://www.gem.wiki/Zhongpu_Handan_Iron_and_Steel_Co_Ltd,23,unknown,unknown,2003,unknown,unknown,unknown,,2118.0,,505.0,finished rolled,plate,"automotive, building and infrastructure, energy, tools and machinery, transport",1669,2022-12-22 00:00:00,2022-12-22 00:00:00,no,BF; BOF; EAF,unknown,unknown,unknown,36.721376,113.910271,23.0,2623.0,36.7213760,113.9102710,POINT (113.910271 36.721376)
